国家,国家销售额,优先品线,核心竞争品牌（国际/本土）,核心竞品产品名称/型号,国家判断,平台类型,平台,入口/版块,访问方式,关键词包,采样建议,来源索引,采集可行性,负面VOC关键词,画像适配(SEG编码)
美国,469810.83513635,"吸奶器（129178）
喂养电器（121774）
家居出行（89225）
内衣服饰（50182）
智能母婴电器（29671）","【VOC聚合·待业务审核】国际（VOC提及候选）：Spectra S2 Plus, Momcozy M9, Elvie, Willow, Spectra, Spectra S2；本土/其他（VOC提及候选）：M5, Motif Medical Aura Glow, Evenflo Advanced Double Electric, breast pump guide（泛品牌）, Zomee Z2","【VOC聚合·待业务审核】Spectra S2, Spectra S1",美国适合优先抓取公开论坛长帖 + 短视频评论区，尤其围绕吸奶器、喂养电器和家居出行的高频痛点。,社媒传播类,Instagram,Hashtag 入口：#breastfeeding / #exclusivepumping / #wearablepump / #postpartum,https://www.instagram.com/explore/tags/breastfeeding/,"breast pump, wearable pump, exclusive pumping, flange size, milk supply, bottle sterilizer, stroller review",抓 Reels 高赞内容、评论区痛点和创作者常见 FAQ。,S01,半自动,disappointing;not worth;waste,"SEG01,SEG02"
美国,469810.83513635,"吸奶器（129178）
喂养电器（121774）
家居出行（89225）
内衣服饰（50182）
智能母婴电器（29671）","【VOC聚合·待业务审核】国际（VOC提及候选）：Spectra S2 Plus, Momcozy M9, Elvie, Willow, Spectra, Spectra S2；本土/其他（VOC提及候选）：M5, Motif Medical Aura Glow, Evenflo Advanced Double Electric, breast pump guide（泛品牌）, Zomee Z2","【VOC聚合·待业务审核】Spectra S2, Spectra S1",美国适合优先抓取公开论坛长帖 + 短视频评论区，尤其围绕吸奶器、喂养电器和家居出行的高频痛点。,社媒传播类,TikTok,Tag/搜索入口：#momtok / #breastpump / #newbornmusthaves / #pumpingtips,https://www.tiktok.com/tag/breastpump,"momtok, breast pump review, pumping routine, postpartum essentials, bottle warmer, sterilizer",优先抓热视频评论区和对比测评视频。,S01,半自动,disappointing;not worth;waste,"SEG01,SEG02"
美国,469810.83513635,"吸奶器（129178）
喂养电器（121774）
家居出行（89225）
内衣服饰（50182）
智能母婴电器（29671）","【VOC聚合·待业务审核】国际（VOC提及候选）：Spectra S2 Plus, Momcozy M9, Elvie, Willow, Spectra, Spectra S2；本土/其他（VOC提及候选）：M5, Motif Medical Aura Glow, Evenflo Advanced Double Electric, breast pump guide（泛品牌）, Zomee Z2","【VOC聚合·待业务审核】Spectra S2, Spectra S1",美国适合优先抓取公开论坛长帖 + 短视频评论区，尤其围绕吸奶器、喂养电器和家居出行的高频痛点。,垂类社区类,Reddit,r/BabyBumps / r/BeyondTheBump,https://www.reddit.com/r/BabyBumps/,"breast pump, pump parts, milk supply, newborn sleep, bottle refusal, stroller, diaper bag",优先抓经验贴、吐槽帖和购买建议串。,S03,半自动,pain;leak;difficult;frustrated,"SEG01,SEG02"
美国,469810.83513635,"吸奶器（129178）
喂养电器（121774）
家居出行（89225）
内衣服饰（50182）
智能母婴电器（29671）","【VOC聚合·待业务审核】国际（VOC提及候选）：Spectra S2 Plus, Momcozy M9, Elvie, Willow, Spectra, Spectra S2；本土/其他（VOC提及候选）：M5, Motif Medical Aura Glow, Evenflo Advanced Double Electric, breast pump guide（泛品牌）, Zomee Z2","【VOC聚合·待业务审核】Spectra S2, Spectra S1",美国适合优先抓取公开论坛长帖 + 短视频评论区，尤其围绕吸奶器、喂养电器和家居出行的高频痛点。,垂类社区类,What to Expect Forums,Breastfeeding 论坛,http://community.whattoexpect.com/forums/breastfeeding.html,"latch, flange, oversupply, under supply, pumping at work, combo feeding, nipple pain",抓问题帖标题、回复链和高频困惑词。,S02,半自动,pain;leak;difficult;frustrated,"SEG01,SEG02"
美国,469810.83513635,"吸奶器（129178）
喂养电器（121774）
家居出行（89225）
内衣服饰（50182）
智能母婴电器（29671）","【VOC聚合·待业务审核】国际（VOC提及候选）：Spectra S2 Plus, Momcozy M9, Elvie, Willow, Spectra, Spectra S2；本土/其他（VOC提及候选）：M5, Motif Medical Aura Glow, Evenflo Advanced Double Electric, breast pump guide（泛品牌）, Zomee Z2","【VOC聚合·待业务审核】Spectra S2, Spectra S1",美国适合优先抓取公开论坛长帖 + 短视频评论区，尤其围绕吸奶器、喂养电器和家居出行的高频痛点。,垂类官方媒体类,BabyCenter,Breastfeeding / Baby Feeding 内容区,https://www.babycenter.com/,"breastfeeding basics, pumping schedule, bottle feeding, solids, sleep regression",适合做权威内容映射和官方问题词补充。,S04,人工,safety concern;recall;warning,SEG01
美国,469810.83513635,"吸奶器（129178）
喂养电器（121774）
家居出行（89225）
内衣服饰（50182）
智能母婴电器（29671）","【VOC聚合·待业务审核】国际（VOC提及候选）：Spectra S2 Plus, Momcozy M9, Elvie, Willow, Spectra, Spectra S2；本土/其他（VOC提及候选）：M5, Motif Medical Aura Glow, Evenflo Advanced Double Electric, breast pump guide（泛品牌）, Zomee Z2","【VOC聚合·待业务审核】Spectra S2, Spectra S1",美国适合优先抓取公开论坛长帖 + 短视频评论区，尤其围绕吸奶器、喂养电器和家居出行的高频痛点。,垂类官方媒体类,HealthyChildren,Breastfeeding & Nutrition 内容区,https://www.healthychildren.org/English/ages-stages/baby/breastfeeding/Pages/default.aspx,"breastfeeding guidance, bottle feeding, infant nutrition, pumping, newborn feeding schedule",适合抽取专家话术、风险词和健康教育词。,S05,人工,safety concern;recall;warning,SEG01
加拿大,32783.14871717,"吸奶器（11806）
喂养电器（7966）
家居出行（5690）
内衣服饰（2576）
护理电器（2042）","【VOC聚合·待业务审核】国际（VOC提及候选）：Medela, Spectra；本土/其他（VOC提及候选）：tire-lait, breast pump, 电动泵, 吸奶器与喂养配件（以类目列表为准）, 以西海岸门店, 线上列表为准",【VOC聚合·待业务审核】（无有效型号词，请人工维护）,加拿大建议用英语 + 法语双语词包并行，重点抓真实妈妈经验和本地育儿媒体内容。,社媒传播类,Instagram,Hashtag 入口：#breastfeeding / #canadianmom / #allaitement / #mamanqc,https://www.instagram.com/explore/tags/allaitement/,"breastfeeding, pumping, canadian mom, allaitement, tire-lait, first foods, bottle warmer",英语、法语双语样本都要抓，避免只看英语内容。,S01,半自动,disappointing;not worth;waste,"SEG01,SEG02"
加拿大,32783.14871717,"吸奶器（11806）
喂养电器（7966）
家居出行（5690）
内衣服饰（2576）
护理电器（2042）","【VOC聚合·待业务审核】国际（VOC提及候选）：Medela, Spectra；本土/其他（VOC提及候选）：tire-lait, breast pump, 电动泵, 吸奶器与喂养配件（以类目列表为准）, 以西海岸门店, 线上列表为准",【VOC聚合·待业务审核】（无有效型号词，请人工维护）,加拿大建议用英语 + 法语双语词包并行，重点抓真实妈妈经验和本地育儿媒体内容。,社媒传播类,Peanut,Groups 入口：newborn / pumping / sleep / local mums,https://www.peanut-app.io/,"newborn feeding, pumping, milk supply, sleep training, mom support, local moms",适合人工采样，不适合做无授权批量抓取。,S06,半自动,disappointing;not worth;waste,"SEG01,SEG02"
加拿大,32783.14871717,"吸奶器（11806）
喂养电器（7966）
家居出行（5690）
内衣服饰（2576）
护理电器（2042）","【VOC聚合·待业务审核】国际（VOC提及候选）：Medela, Spectra；本土/其他（VOC提及候选）：tire-lait, breast pump, 电动泵, 吸奶器与喂养配件（以类目列表为准）, 以西海岸门店, 线上列表为准",【VOC聚合·待业务审核】（无有效型号词，请人工维护）,加拿大建议用英语 + 法语双语词包并行，重点抓真实妈妈经验和本地育儿媒体内容。,垂类社区类,Facebook Groups,本地妈妈群：Toronto moms / Vancouver moms / Quebec moms,站内搜索组名与 lactation / pumping / sleep 组合词,"toronto moms, vancouver moms, quebec moms, pumping, breastfeeding, allaitement",优先抓公开群或人工观察置顶帖/热帖。,S01,半自动,pain;leak;difficult;frustrated,"SEG01,SEG02"
加拿大,32783.14871717,"吸奶器（11806）
喂养电器（7966）
家居出行（5690）
内衣服饰（2576）
护理电器（2042）","【VOC聚合·待业务审核】国际（VOC提及候选）：Medela, Spectra；本土/其他（VOC提及候选）：tire-lait, breast pump, 电动泵, 吸奶器与喂养配件（以类目列表为准）, 以西海岸门店, 线上列表为准",【VOC聚合·待业务审核】（无有效型号词，请人工维护）,加拿大建议用英语 + 法语双语词包并行，重点抓真实妈妈经验和本地育儿媒体内容。,垂类社区类,Reddit,孕育与新手父母相关 subreddit,https://www.reddit.com/r/BeyondtheBumpCanada/,"canada baby, postpartum, sleep, pumping, daycare, stroller, winter baby gear",抓加拿大本地育儿场景词，如 winter gear、daycare waitlist。,S03,半自动,pain;leak;difficult;frustrated,"SEG01,SEG02"
加拿大,32783.14871717,"吸奶器（11806）
喂养电器（7966）
家居出行（5690）
内衣服饰（2576）
护理电器（2042）","【VOC聚合·待业务审核】国际（VOC提及候选）：Medela, Spectra；本土/其他（VOC提及候选）：tire-lait, breast pump, 电动泵, 吸奶器与喂养配件（以类目列表为准）, 以西海岸门店, 线上列表为准",【VOC聚合·待业务审核】（无有效型号词，请人工维护）,加拿大建议用英语 + 法语双语词包并行，重点抓真实妈妈经验和本地育儿媒体内容。,垂类官方媒体类,BabyCenter Canada,Breastfeeding 内容区,http://www.babycenter.ca/breastfeeding,"breastfeeding for beginners, pumping, latch, solids, baby feeding",补充英文权威内容与阶段性喂养词。,S04,人工,safety concern;recall;warning,SEG01
加拿大,32783.14871717,"吸奶器（11806）
喂养电器（7966）
家居出行（5690）
内衣服饰（2576）
护理电器（2042）","【VOC聚合·待业务审核】国际（VOC提及候选）：Medela, Spectra；本土/其他（VOC提及候选）：tire-lait, breast pump, 电动泵, 吸奶器与喂养配件（以类目列表为准）, 以西海岸门店, 线上列表为准",【VOC聚合·待业务审核】（无有效型号词，请人工维护）,加拿大建议用英语 + 法语双语词包并行，重点抓真实妈妈经验和本地育儿媒体内容。,垂类官方媒体类,Today's Parent,breastfeed tag / Baby feeding 内容,https://www.todaysparent.com/tag/breastfeed/,"breastfeed, pumping, feeding, newborn routine, bottle feeding, sleep",适合抽取加拿大式内容表达与问题标题模板。,S07,人工,safety concern;recall;warning,SEG01
英国,31773.47871356,"吸奶器（12787）
家居出行（8257）
喂养电器（3916）
内衣服饰（2464）
护理电器（1874）","【VOC聚合·待业务审核】国际（VOC提及候选）：Elvie, Elvie（可穿戴吸奶器线）, Medela；本土/其他（VOC提及候选）：breast pump, wearable, 无单一商业品牌, 含哺乳支持文章列表, 多品牌吸奶器（以类目列表为准）, 含子专题入口（含 expressing 相关链接）, 区分 manual, electric pump",【VOC聚合·待业务审核】（无有效型号词，请人工维护）,英国论坛文化最强，抓取优先级应是社区问答串，其次才是社媒短内容。,社媒传播类,Facebook Groups,本地群入口：mum support / breastfeeding support / local baby groups,站内搜索 UK city + mums / breastfeeding support,"mum support group, breastfeeding support, baby group, pram, sleep, weaning",本地群适合补地方性育儿语境与线下服务词。,S01,半自动,disappointing;not worth;waste,"SEG01,SEG02"
英国,31773.47871356,"吸奶器（12787）
家居出行（8257）
喂养电器（3916）
内衣服饰（2464）
护理电器（1874）","【VOC聚合·待业务审核】国际（VOC提及候选）：Elvie, Elvie（可穿戴吸奶器线）, Medela；本土/其他（VOC提及候选）：breast pump, wearable, 无单一商业品牌, 含哺乳支持文章列表, 多品牌吸奶器（以类目列表为准）, 含子专题入口（含 expressing 相关链接）, 区分 manual, electric pump",【VOC聚合·待业务审核】（无有效型号词，请人工维护）,英国论坛文化最强，抓取优先级应是社区问答串，其次才是社媒短内容。,社媒传播类,Instagram,Hashtag 入口：#breastfeedinguk / #newmumuk / #mumlifeuk,https://www.instagram.com/explore/tags/breastfeedinguk/,"breastfeeding uk, expressing milk, new mum uk, pram review, bottle prep, weaning",优先抓真人育儿账号评论区。,S01,半自动,disappointing;not worth;waste,"SEG01,SEG02"
英国,31773.47871356,"吸奶器（12787）
家居出行（8257）
喂养电器（3916）
内衣服饰（2464）
护理电器（1874）","【VOC聚合·待业务审核】国际（VOC提及候选）：Elvie, Elvie（可穿戴吸奶器线）, Medela；本土/其他（VOC提及候选）：breast pump, wearable, 无单一商业品牌, 含哺乳支持文章列表, 多品牌吸奶器（以类目列表为准）, 含子专题入口（含 expressing 相关链接）, 区分 manual, electric pump",【VOC聚合·待业务审核】（无有效型号词，请人工维护）,英国论坛文化最强，抓取优先级应是社区问答串，其次才是社媒短内容。,垂类社区类,Mumsnet,Breast and Bottle Feeding / Parenting 话题区,https://www.mumsnet.com/,"breast and bottle feeding, expressing, sleep, buggy, nursery, weaning",适合抽取“真实吐槽 + 经验建议”风格表达。,S09,半自动,pain;leak;difficult;frustrated,"SEG01,SEG02"
英国,31773.47871356,"吸奶器（12787）
家居出行（8257）
喂养电器（3916）
内衣服饰（2464）
护理电器（1874）","【VOC聚合·待业务审核】国际（VOC提及候选）：Elvie, Elvie（可穿戴吸奶器线）, Medela；本土/其他（VOC提及候选）：breast pump, wearable, 无单一商业品牌, 含哺乳支持文章列表, 多品牌吸奶器（以类目列表为准）, 含子专题入口（含 expressing 相关链接）, 区分 manual, electric pump",【VOC聚合·待业务审核】（无有效型号词，请人工维护）,英国论坛文化最强，抓取优先级应是社区问答串，其次才是社媒短内容。,垂类社区类,Netmums Forum,Breastfeeding 板块,https://www.netmums.com/coffeehouse/drop-clinic-984/breastfeeding-990/,"breastfeeding, latch, pumping, reflux, bottle feeding, cluster feeding",优先抓问答串与高互动问题帖。,S08,半自动,pain;leak;difficult;frustrated,"SEG01,SEG02"
英国,31773.47871356,"吸奶器（12787）
家居出行（8257）
喂养电器（3916）
内衣服饰（2464）
护理电器（1874）","【VOC聚合·待业务审核】国际（VOC提及候选）：Elvie, Elvie（可穿戴吸奶器线）, Medela；本土/其他（VOC提及候选）：breast pump, wearable, 无单一商业品牌, 含哺乳支持文章列表, 多品牌吸奶器（以类目列表为准）, 含子专题入口（含 expressing 相关链接）, 区分 manual, electric pump",【VOC聚合·待业务审核】（无有效型号词，请人工维护）,英国论坛文化最强，抓取优先级应是社区问答串，其次才是社媒短内容。,垂类官方媒体类,NHS Start for Life,Feeding your baby 内容区,https://www.nhs.uk/start-for-life/baby/feeding-your-baby/,"feeding your baby, breastfeeding, bottle feeding, weaning, newborn feeding",可抽专家规范表达，用来校准 VOC 风险词。,S10,人工,safety concern;recall;warning,SEG01
英国,31773.47871356,"吸奶器（12787）
家居出行（8257）
喂养电器（3916）
内衣服饰（2464）
护理电器（1874）","【VOC聚合·待业务审核】国际（VOC提及候选）：Elvie, Elvie（可穿戴吸奶器线）, Medela；本土/其他（VOC提及候选）：breast pump, wearable, 无单一商业品牌, 含哺乳支持文章列表, 多品牌吸奶器（以类目列表为准）, 含子专题入口（含 expressing 相关链接）, 区分 manual, electric pump",【VOC聚合·待业务审核】（无有效型号词，请人工维护）,英国论坛文化最强，抓取优先级应是社区问答串，其次才是社媒短内容。,垂类官方媒体类,Netmums,Baby / Breastfeeding 内容区,https://www.netmums.com/baby/breastfeeding,"breastfeeding, newborn, sleep, feeding routine, baby care",适合抓“媒体标题词 + 真实讨论词”映射。,S08,人工,safety concern;recall;warning,SEG01
德国,22529.4388034,"吸奶器（9618）
家居出行（4507）
喂养电器（4193）
内衣服饰（1434）
护理电器（1394）","【VOC聚合·待业务审核】国际（VOC提及候选）：Medela Swing Maxi Hands-free, Medela Magic InBra, Momcozy M5；本土/其他（VOC提及候选）：FluidFeel Technology, Hebamme, Rezept","【VOC聚合·待业务审核】Medela Freestyle, Medela Swing, Philips Avent",德国应重点抓德语论坛深帖和带 test / vergleich / erfahrung 的测评型内容。,社媒传播类,Instagram,Hashtag 入口：#stillen / #milchpumpe / #elternwerden,https://www.instagram.com/explore/tags/stillen/,"stillen, milchpumpe, abpumpen, milchmenge, flaschenwärmer, babyphone, kinderwagen",德语标签要覆盖功能词和问题词。,S01,半自动,disappointing;not worth;waste,"SEG01,SEG02"
德国,22529.4388034,"吸奶器（9618）
家居出行（4507）
喂养电器（4193）
内衣服饰（1434）
护理电器（1394）","【VOC聚合·待业务审核】国际（VOC提及候选）：Medela Swing Maxi Hands-free, Medela Magic InBra, Momcozy M5；本土/其他（VOC提及候选）：FluidFeel Technology, Hebamme, Rezept","【VOC聚合·待业务审核】Medela Freestyle, Medela Swing, Philips Avent",德国应重点抓德语论坛深帖和带 test / vergleich / erfahrung 的测评型内容。,社媒传播类,YouTube,搜索词入口：milchpumpe test / babyphone test / kinderwagen test,站内搜索 test / vergleich / erfahrung,"milchpumpe test, babyphone test, kinderwagen test, flaschenwärmer vergleich",优先抓长测评视频与评论区。,S01,半自动,disappointing;not worth;waste,"SEG01,SEG02"
德国,22529.4388034,"吸奶器（9618）
家居出行（4507）
喂养电器（4193）
内衣服饰（1434）
护理电器（1394）","【VOC聚合·待业务审核】国际（VOC提及候选）：Medela Swing Maxi Hands-free, Medela Magic InBra, Momcozy M5；本土/其他（VOC提及候选）：FluidFeel Technology, Hebamme, Rezept","【VOC聚合·待业务审核】Medela Freestyle, Medela Swing, Philips Avent",德国应重点抓德语论坛深帖和带 test / vergleich / erfahrung 的测评型内容。,垂类社区类,Rund-ums-Baby,Eltern-Forum > Stillen,https://www.rund-ums-baby.de/eltern-forum/stillen,"stillen, abpumpen, milchstau, stillprobleme, flasche, baby ernährung",优先抓高回复串和专家问答。,S12,半自动,pain;leak;difficult;frustrated,"SEG01,SEG02"
德国,22529.4388034,"吸奶器（9618）
家居出行（4507）
喂养电器（4193）
内衣服饰（1434）
护理电器（1394）","【VOC聚合·待业务审核】国际（VOC提及候选）：Medela Swing Maxi Hands-free, Medela Magic InBra, Momcozy M5；本土/其他（VOC提及候选）：FluidFeel Technology, Hebamme, Rezept","【VOC聚合·待业务审核】Medela Freestyle, Medela Swing, Philips Avent",德国应重点抓德语论坛深帖和带 test / vergleich / erfahrung 的测评型内容。,垂类社区类,urbia,Stillen & Ernährung 版块,https://www.urbia.de/forum/36-stillen-ernaehrung,"stillen, ernährung, milchpumpe, zufüttern, schlaf, beikost",适合做痛点词聚类与阶段性问题拆分。,S11,半自动,pain;leak;difficult;frustrated,"SEG01,SEG02"
德国,22529.4388034,"吸奶器（9618）
家居出行（4507）
喂养电器（4193）
内衣服饰（1434）
护理电器（1394）","【VOC聚合·待业务审核】国际（VOC提及候选）：Medela Swing Maxi Hands-free, Medela Magic InBra, Momcozy M5；本土/其他（VOC提及候选）：FluidFeel Technology, Hebamme, Rezept","【VOC聚合·待业务审核】Medela Freestyle, Medela Swing, Philips Avent",德国应重点抓德语论坛深帖和带 test / vergleich / erfahrung 的测评型内容。,垂类官方媒体类,ELTERN.de,Baby / Ernährung / Elternwissen 内容区,https://www.eltern.de/,"stillen, baby ernährung, milchpumpe, familienalltag, kinderwagen",适合建立德语编辑部标题词库。,S13,人工,safety concern;recall;warning,SEG01
德国,22529.4388034,"吸奶器（9618）
家居出行（4507）
喂养电器（4193）
内衣服饰（1434）
护理电器（1394）","【VOC聚合·待业务审核】国际（VOC提及候选）：Medela Swing Maxi Hands-free, Medela Magic InBra, Momcozy M5；本土/其他（VOC提及候选）：FluidFeel Technology, Hebamme, Rezept","【VOC聚合·待业务审核】Medela Freestyle, Medela Swing, Philips Avent",德国应重点抓德语论坛深帖和带 test / vergleich / erfahrung 的测评型内容。,垂类官方媒体类,Rund-ums-Baby Expertenforum,Expertenforum / Babypflege / Stillen,https://www.rund-ums-baby.de/experten-forum/babypflege,"expertenforum, babypflege, stillen, flasche, hautpflege, schlaf",适合抽专家语言和风险信号。,S12,人工,safety concern;recall;warning,SEG01
法国,19125.47107507,"吸奶器（9301）
家居出行（2894）
喂养电器（2734）
智能母婴电器（1437）
护理电器（1418）","【VOC聚合·待业务审核】国际（VOC提及候选）：Spectra, Medela；本土/其他（VOC提及候选）：tire-lait, allaitement, tire-lait（需点进线程）, 手动, 电动, 双泵, 储存与清洁（以专题正文为准）, 租赁",【VOC聚合·待业务审核】（无有效型号词，请人工维护）,法国优先抓 forum + éditorial 双轨，关键词需要覆盖 allaitement 与 tire-lait 两类词根。,社媒传播类,Instagram,Hashtag 入口：#allaitement / #tirelait / #jeunemaman,https://www.instagram.com/explore/tags/allaitement/,"allaitement, tire-lait, montée de lait, bébé sommeil, chauffe-biberon, poussette",优先抓法语妈妈经验帖与评论。,S01,半自动,disappointing;not worth;waste,"SEG01,SEG02"
法国,19125.47107507,"吸奶器（9301）
家居出行（2894）
喂养电器（2734）
智能母婴电器（1437）
护理电器（1418）","【VOC聚合·待业务审核】国际（VOC提及候选）：Spectra, Medela；本土/其他（VOC提及候选）：tire-lait, allaitement, tire-lait（需点进线程）, 手动, 电动, 双泵, 储存与清洁（以专题正文为准）, 租赁",【VOC聚合·待业务审核】（无有效型号词，请人工维护）,法国优先抓 forum + éditorial 双轨，关键词需要覆盖 allaitement 与 tire-lait 两类词根。,社媒传播类,TikTok,Tag/搜索入口：allaitement / postpartum / maternité,站内搜索 allaitement / tire lait / jeune maman,"allaitement, tire lait, postpartum, maternité, routine bébé",抓热视频评论区和产品演示内容。,S01,半自动,disappointing;not worth;waste,"SEG01,SEG02"
法国,19125.47107507,"吸奶器（9301）
家居出行（2894）
喂养电器（2734）
智能母婴电器（1437）
护理电器（1418）","【VOC聚合·待业务审核】国际（VOC提及候选）：Spectra, Medela；本土/其他（VOC提及候选）：tire-lait, allaitement, tire-lait（需点进线程）, 手动, 电动, 双泵, 储存与清洁（以专题正文为准）, 租赁",【VOC聚合·待业务审核】（无有效型号词，请人工维护）,法国优先抓 forum + éditorial 双轨，关键词需要覆盖 allaitement 与 tire-lait 两类词根。,垂类社区类,Doctissimo Forum,Forum Allaitement et biberons,https://forum.doctissimo.fr/grossesse-bebe/allaitement/liste_sujet-1.htm,"allaitement, biberon, lactation, sevrage, tire-lait, reflux",适合做问题树和情绪词抓取。,S14,半自动,pain;leak;difficult;frustrated,"SEG01,SEG02"
法国,19125.47107507,"吸奶器（9301）
家居出行（2894）
喂养电器（2734）
智能母婴电器（1437）
护理电器（1418）","【VOC聚合·待业务审核】国际（VOC提及候选）：Spectra, Medela；本土/其他（VOC提及候选）：tire-lait, allaitement, tire-lait（需点进线程）, 手动, 电动, 双泵, 储存与清洁（以专题正文为准）, 租赁",【VOC聚合·待业务审核】（无有效型号词，请人工维护）,法国优先抓 forum + éditorial 双轨，关键词需要覆盖 allaitement 与 tire-lait 两类词根。,垂类社区类,Magicmaman Forum,Allaitement / biberon / nourrisson 版块,http://forum.magicmaman.com/magic03ans/allaitement-biberon-nourrisson/liste_sujet-1.htm,"allaitement, biberon, nourrisson, tire-lait, sommeil bébé, diversification",适合抽法语真实经验表达。,S15,半自动,pain;leak;difficult;frustrated,"SEG01,SEG02"
法国,19125.47107507,"吸奶器（9301）
家居出行（2894）
喂养电器（2734）
智能母婴电器（1437）
护理电器（1418）","【VOC聚合·待业务审核】国际（VOC提及候选）：Spectra, Medela；本土/其他（VOC提及候选）：tire-lait, allaitement, tire-lait（需点进线程）, 手动, 电动, 双泵, 储存与清洁（以专题正文为准）, 租赁",【VOC聚合·待业务审核】（无有效型号词，请人工维护）,法国优先抓 forum + éditorial 双轨，关键词需要覆盖 allaitement 与 tire-lait 两类词根。,垂类官方媒体类,Doctissimo,Grossesse & Bébé 内容区,https://www.doctissimo.fr/grossesse-bebe/,"grossesse, bébé, allaitement, alimentation, sommeil, santé bébé",补充编辑部高频标题词。,S14,人工,safety concern;recall;warning,SEG01
法国,19125.47107507,"吸奶器（9301）
家居出行（2894）
喂养电器（2734）
智能母婴电器（1437）
护理电器（1418）","【VOC聚合·待业务审核】国际（VOC提及候选）：Spectra, Medela；本土/其他（VOC提及候选）：tire-lait, allaitement, tire-lait（需点进线程）, 手动, 电动, 双泵, 储存与清洁（以专题正文为准）, 租赁",【VOC聚合·待业务审核】（无有效型号词，请人工维护）,法国优先抓 forum + éditorial 双轨，关键词需要覆盖 allaitement 与 tire-lait 两类词根。,垂类官方媒体类,Journal des Femmes Maman,Maman / Bébé 内容区,https://www.journaldesfemmes.fr/maman/,"maman, bébé, allaitement, tire-lait, puériculture, poussette",适合抓生活方式和消费建议表达。,S16,人工,safety concern;recall;warning,SEG01
西班牙,8673.17052959,"吸奶器（4347）
喂养电器（1444）
家居出行（948）
护理电器（745）
智能母婴电器（597）","【VOC聚合·待业务审核】国际（VOC提及候选）：Medela, Spectra；本土/其他（VOC提及候选）：sacaleches, embarazo, 电动泵, 含 OMS, 临床与服务体系语境, 手动, 电动, 双头价位区间与 AEP 指南引用语境（以正文为准）",【VOC聚合·待业务审核】Philips Avent,西班牙建议把社媒短内容与西语论坛并行抓取，重点关注 lactancia / sacaleches / bebé sueño 三个主题簇。,社媒传播类,Instagram,Hashtag 入口：#lactancia / #sacaleches / #maternidad,https://www.instagram.com/explore/tags/lactancia/,"lactancia, sacaleches, extractor de leche, bebé, sueño bebé, calienta biberones, cochecito",优先抓妈妈账号的经验帖和带货评论。,S01,半自动,disappointing;not worth;waste,"SEG01,SEG02"
西班牙,8673.17052959,"吸奶器（4347）
喂养电器（1444）
家居出行（948）
护理电器（745）
智能母婴电器（597）","【VOC聚合·待业务审核】国际（VOC提及候选）：Medela, Spectra；本土/其他（VOC提及候选）：sacaleches, embarazo, 电动泵, 含 OMS, 临床与服务体系语境, 手动, 电动, 双头价位区间与 AEP 指南引用语境（以正文为准）",【VOC聚合·待业务审核】Philips Avent,西班牙建议把社媒短内容与西语论坛并行抓取，重点关注 lactancia / sacaleches / bebé sueño 三个主题簇。,社媒传播类,TikTok,Tag/搜索入口：#lactanciamaterna / #maternidadreal / #bebe,站内搜索 lactancia / sacaleches / posparto,"lactancia materna, maternidad real, posparto, sacaleches, esterilizador",抓热视频评论区的痛点和异议。,S01,半自动,disappointing;not worth;waste,"SEG01,SEG02"
西班牙,8673.17052959,"吸奶器（4347）
喂养电器（1444）
家居出行（948）
护理电器（745）
智能母婴电器（597）","【VOC聚合·待业务审核】国际（VOC提及候选）：Medela, Spectra；本土/其他（VOC提及候选）：sacaleches, embarazo, 电动泵, 含 OMS, 临床与服务体系语境, 手动, 电动, 双头价位区间与 AEP 指南引用语境（以正文为准）",【VOC聚合·待业务审核】Philips Avent,西班牙建议把社媒短内容与西语论坛并行抓取，重点关注 lactancia / sacaleches / bebé sueño 三个主题簇。,垂类社区类,BabyCenter en Español,Lactancia / comunidad 话题,http://www.babycenter.com/espanol,"lactancia, embarazo, bebé, alimentación, sueño, sacaleches",适合补强西语国家共性词包。,S18,半自动,pain;leak;difficult;frustrated,"SEG01,SEG02"
西班牙,8673.17052959,"吸奶器（4347）
喂养电器（1444）
家居出行（948）
护理电器（745）
智能母婴电器（597）","【VOC聚合·待业务审核】国际（VOC提及候选）：Medela, Spectra；本土/其他（VOC提及候选）：sacaleches, embarazo, 电动泵, 含 OMS, 临床与服务体系语境, 手动, 电动, 双头价位区间与 AEP 指南引用语境（以正文为准）",【VOC聚合·待业务审核】Philips Avent,西班牙建议把社媒短内容与西语论坛并行抓取，重点关注 lactancia / sacaleches / bebé sueño 三个主题簇。,垂类社区类,enfemenino,Foro Maternidad,https://maternidad.enfemenino.com/foro/all,"embarazo, lactancia, bebé, posparto, extractor de leche, sueño",适合抓西语问答和情绪表达。,S17,半自动,pain;leak;difficult;frustrated,"SEG01,SEG02"
西班牙,8673.17052959,"吸奶器（4347）
喂养电器（1444）
家居出行（948）
护理电器（745）
智能母婴电器（597）","【VOC聚合·待业务审核】国际（VOC提及候选）：Medela, Spectra；本土/其他（VOC提及候选）：sacaleches, embarazo, 电动泵, 含 OMS, 临床与服务体系语境, 手动, 电动, 双头价位区间与 AEP 指南引用语境（以正文为准）",【VOC聚合·待业务审核】Philips Avent,西班牙建议把社媒短内容与西语论坛并行抓取，重点关注 lactancia / sacaleches / bebé sueño 三个主题簇。,垂类官方媒体类,GuíaInfantil,Lactancia / Bebés 内容区,http://guiainfantil.com/,"lactancia, bebé, crianza, sueño, alimentación, cochecito",适合抽教育型标题词和育儿问题模板。,S19,人工,safety concern;recall;warning,SEG01
西班牙,8673.17052959,"吸奶器（4347）
喂养电器（1444）
家居出行（948）
护理电器（745）
智能母婴电器（597）","【VOC聚合·待业务审核】国际（VOC提及候选）：Medela, Spectra；本土/其他（VOC提及候选）：sacaleches, embarazo, 电动泵, 含 OMS, 临床与服务体系语境, 手动, 电动, 双头价位区间与 AEP 指南引用语境（以正文为准）",【VOC聚合·待业务审核】Philips Avent,西班牙建议把社媒短内容与西语论坛并行抓取，重点关注 lactancia / sacaleches / bebé sueño 三个主题簇。,垂类官方媒体类,Ser Padres,Bebé / Lactancia 内容区,http://serpadres.es/,"ser padres, lactancia, bebé, maternidad, alimentación, puericultura",适合补西班牙本地消费表达。,S20,人工,safety concern;recall;warning,SEG01
墨西哥,8404.23298274999,"吸奶器（3363）
家居出行（1851）
喂养电器（1246）
护理电器（672）
母婴综合护理（595）","【VOC聚合·待业务审核】国际（VOC提及候选）：Philips Avent, Momcozy, Medela, Avent, Medela Harmony, Medela accessories, Pigeon portátil, Philips Avent Manual；本土/其他（VOC提及候选）：manual, extractor eléctrico","【VOC聚合·待业务审核】Philips Avent, Lansinoh, Pump in Style, Medela Swing, Spectra S2, Elvie Pump, Willow Go, Spectra S1, Medela Freestyle",墨西哥更偏社区口碑和折扣驱动，除了西语官方站点，还要重点抓城市妈妈群和短视频评论区。,社媒传播类,Facebook Groups,城市妈妈群：mamás CDMX / lactancia México / mamás primerizas,站内搜索 ciudad + mamás / lactancia / bebé,"mamás CDMX, lactancia méxico, extractor de leche, carriola, bebé sueño, pañalera",优先抓公开群和置顶问答。,S01,半自动,disappointing;not worth;waste,"SEG01,SEG02"
墨西哥,8404.23298274999,"吸奶器（3363）
家居出行（1851）
喂养电器（1246）
护理电器（672）
母婴综合护理（595）","【VOC聚合·待业务审核】国际（VOC提及候选）：Philips Avent, Momcozy, Medela, Avent, Medela Harmony, Medela accessories, Pigeon portátil, Philips Avent Manual；本土/其他（VOC提及候选）：manual, extractor eléctrico","【VOC聚合·待业务审核】Philips Avent, Lansinoh, Pump in Style, Medela Swing, Spectra S2, Elvie Pump, Willow Go, Spectra S1, Medela Freestyle",墨西哥更偏社区口碑和折扣驱动，除了西语官方站点，还要重点抓城市妈妈群和短视频评论区。,社媒传播类,TikTok / Instagram,Tag 入口：#lactanciamaterna / #extractordeleche / #maternidadreal,站内搜索 lactancia / extractordeleche / carriola,"lactancia materna, extractor de leche, carriola, esterilizador, bebé, posparto",抓带商品名评论和使用对比内容。,S01,半自动,disappointing;not worth;waste,"SEG01,SEG02"
墨西哥,8404.23298274999,"吸奶器（3363）
家居出行（1851）
喂养电器（1246）
护理电器（672）
母婴综合护理（595）","【VOC聚合·待业务审核】国际（VOC提及候选）：Philips Avent, Momcozy, Medela, Avent, Medela Harmony, Medela accessories, Pigeon portátil, Philips Avent Manual；本土/其他（VOC提及候选）：manual, extractor eléctrico","【VOC聚合·待业务审核】Philips Avent, Lansinoh, Pump in Style, Medela Swing, Spectra S2, Elvie Pump, Willow Go, Spectra S1, Medela Freestyle",墨西哥更偏社区口碑和折扣驱动，除了西语官方站点，还要重点抓城市妈妈群和短视频评论区。,垂类社区类,BabyCenter en Español,Comunidad / embarazo / lactancia,http://www.babycenter.com/espanol,"embarazo, lactancia, bebé, extractor de leche, sueño, alimentación",适合做西语共性词对照。,S18,半自动,pain;leak;difficult;frustrated,"SEG01,SEG02"
墨西哥,8404.23298274999,"吸奶器（3363）
家居出行（1851）
喂养电器（1246）
护理电器（672）
母婴综合护理（595）","【VOC聚合·待业务审核】国际（VOC提及候选）：Philips Avent, Momcozy, Medela, Avent, Medela Harmony, Medela accessories, Pigeon portátil, Philips Avent Manual；本土/其他（VOC提及候选）：manual, extractor eléctrico","【VOC聚合·待业务审核】Philips Avent, Lansinoh, Pump in Style, Medela Swing, Spectra S2, Elvie Pump, Willow Go, Spectra S1, Medela Freestyle",墨西哥更偏社区口碑和折扣驱动，除了西语官方站点，还要重点抓城市妈妈群和短视频评论区。,垂类社区类,enfemenino,Foro Maternidad,https://maternidad.enfemenino.com/foro/all,"maternidad, bebé, lactancia, posparto, biberón, extractor",抓高互动问答与情绪词。,S17,半自动,pain;leak;difficult;frustrated,"SEG01,SEG02"
墨西哥,8404.23298274999,"吸奶器（3363）
家居出行（1851）
喂养电器（1246）
护理电器（672）
母婴综合护理（595）","【VOC聚合·待业务审核】国际（VOC提及候选）：Philips Avent, Momcozy, Medela, Avent, Medela Harmony, Medela accessories, Pigeon portátil, Philips Avent Manual；本土/其他（VOC提及候选）：manual, extractor eléctrico","【VOC聚合·待业务审核】Philips Avent, Lansinoh, Pump in Style, Medela Swing, Spectra S2, Elvie Pump, Willow Go, Spectra S1, Medela Freestyle",墨西哥更偏社区口碑和折扣驱动，除了西语官方站点，还要重点抓城市妈妈群和短视频评论区。,垂类官方媒体类,GuíaInfantil,Bebés / Lactancia / Crianza,http://guiainfantil.com/,"crianza, lactancia, bebé, alimentación, sueño, cochecito",适合补内容标题与常见育儿问题词。,S19,人工,safety concern;recall;warning,SEG01
墨西哥,8404.23298274999,"吸奶器（3363）
家居出行（1851）
喂养电器（1246）
护理电器（672）
母婴综合护理（595）","【VOC聚合·待业务审核】国际（VOC提及候选）：Philips Avent, Momcozy, Medela, Avent, Medela Harmony, Medela accessories, Pigeon portátil, Philips Avent Manual；本土/其他（VOC提及候选）：manual, extractor eléctrico","【VOC聚合·待业务审核】Philips Avent, Lansinoh, Pump in Style, Medela Swing, Spectra S2, Elvie Pump, Willow Go, Spectra S1, Medela Freestyle",墨西哥更偏社区口碑和折扣驱动，除了西语官方站点，还要重点抓城市妈妈群和短视频评论区。,垂类官方媒体类,Ser Padres,Bebé / Maternidad 内容区,http://serpadres.es/,"maternidad, bebé, lactancia, posparto, puericultura",适合补西语消费表达。,S20,人工,safety concern;recall;warning,SEG01
阿联酋,5386.32979506,"吸奶器（2925）
喂养电器（745）
母婴综合护理（385）
内衣服饰（360）
智能母婴电器（353）","【VOC聚合·待业务审核】国际（VOC提及候选）：MomCozy（商品页）, Medela Harmony（列表卡）, Medela, MomCozy；本土/其他（VOC提及候选）：（无）, breast pump, wearable, 多品牌吸奶器（以类目列表为准）, شفاط حليب, مضخة（文章列表聚合）, مضخة الثدي, شفاط（站内检索与栏目聚合）",【VOC聚合·待业务审核】（无有效型号词，请人工维护）,阿联酋要同时覆盖阿语本地妈妈与英语 expatriate 妈妈，两套入口都要保留。,社媒传播类,Instagram,Hashtag 入口：#uaemoms / #dubaimums / #breastfeedinguae,https://www.instagram.com/explore/tags/dubaimums/,"uae moms, dubai mums, breast pump, breastfeeding uae, stroller, diaper bag, sterilizer",抓英语 expatriate 内容和阿语标签混合样本。,S01,半自动,disappointing;not worth;waste,"SEG01,SEG02"
阿联酋,5386.32979506,"吸奶器（2925）
喂养电器（745）
母婴综合护理（385）
内衣服饰（360）
智能母婴电器（353）","【VOC聚合·待业务审核】国际（VOC提及候选）：MomCozy（商品页）, Medela Harmony（列表卡）, Medela, MomCozy；本土/其他（VOC提及候选）：（无）, breast pump, wearable, 多品牌吸奶器（以类目列表为准）, شفاط حليب, مضخة（文章列表聚合）, مضخة الثدي, شفاط（站内检索与栏目聚合）",【VOC聚合·待业务审核】（无有效型号词，请人工维护）,阿联酋要同时覆盖阿语本地妈妈与英语 expatriate 妈妈，两套入口都要保留。,社媒传播类,TikTok / Snapchat,搜索入口：new mom dubai / breastfeeding mom / رضاعة,站内搜索 dubai mom / breastfeeding / رضاعة,"new mom dubai, breastfeeding mom, رضاعة, شفاط حليب, baby stroller, mom hacks",抓短视频评论区和高频问答。,S01,半自动,disappointing;not worth;waste,"SEG01,SEG02"
阿联酋,5386.32979506,"吸奶器（2925）
喂养电器（745）
母婴综合护理（385）
内衣服饰（360）
智能母婴电器（353）","【VOC聚合·待业务审核】国际（VOC提及候选）：MomCozy（商品页）, Medela Harmony（列表卡）, Medela, MomCozy；本土/其他（VOC提及候选）：（无）, breast pump, wearable, 多品牌吸奶器（以类目列表为准）, شفاط حليب, مضخة（文章列表聚合）, مضخة الثدي, شفاط（站内检索与栏目聚合）",【VOC聚合·待业务审核】（无有效型号词，请人工维护）,阿联酋要同时覆盖阿语本地妈妈与英语 expatriate 妈妈，两套入口都要保留。,垂类社区类,ExpatWoman UAE,UAE forums / parenting related threads,https://www.expatwoman.com/forum-0,"dubai mums, newborn, breastfeeding, nursery, stroller, family life",适合抓 expatriate 家庭场景问题。,S22,半自动,pain;leak;difficult;frustrated,"SEG01,SEG02"
阿联酋,5386.32979506,"吸奶器（2925）
喂养电器（745）
母婴综合护理（385）
内衣服饰（360）
智能母婴电器（353）","【VOC聚合·待业务审核】国际（VOC提及候选）：MomCozy（商品页）, Medela Harmony（列表卡）, Medela, MomCozy；本土/其他（VOC提及候选）：（无）, breast pump, wearable, 多品牌吸奶器（以类目列表为准）, شفاط حليب, مضخة（文章列表聚合）, مضخة الثدي, شفاط（站内检索与栏目聚合）",【VOC聚合·待业务审核】（无有效型号词，请人工维护）,阿联酋要同时覆盖阿语本地妈妈与英语 expatriate 妈妈，两套入口都要保留。,垂类社区类,Mummaly,UAE mum community / neighborhood groups,https://mummaly.com/,"uae mums, newborn, feeding, pumping, sleep, weaning",适合人工采样群组话题和活动内容。,S21,半自动,pain;leak;difficult;frustrated,"SEG01,SEG02"
阿联酋,5386.32979506,"吸奶器（2925）
喂养电器（745）
母婴综合护理（385）
内衣服饰（360）
智能母婴电器（353）","【VOC聚合·待业务审核】国际（VOC提及候选）：MomCozy（商品页）, Medela Harmony（列表卡）, Medela, MomCozy；本土/其他（VOC提及候选）：（无）, breast pump, wearable, 多品牌吸奶器（以类目列表为准）, شفاط حليب, مضخة（文章列表聚合）, مضخة الثدي, شفاط（站内检索与栏目聚合）",【VOC聚合·待业务审核】（无有效型号词，请人工维护）,阿联酋要同时覆盖阿语本地妈妈与英语 expatriate 妈妈，两套入口都要保留。,垂类官方媒体类,3a2ilati,母婴 / 哺乳相关文章,https://www.3a2ilati.com/,"رضاعة, شفاط حليب, جدول الرضاعة, طفل, نوم الرضيع, تعقيم الرضاعات",适合补阿语权威内容词和育儿标题词。,S23,人工,safety concern;recall;warning,SEG01
阿联酋,5386.32979506,"吸奶器（2925）
喂养电器（745）
母婴综合护理（385）
内衣服饰（360）
智能母婴电器（353）","【VOC聚合·待业务审核】国际（VOC提及候选）：MomCozy（商品页）, Medela Harmony（列表卡）, Medela, MomCozy；本土/其他（VOC提及候选）：（无）, breast pump, wearable, 多品牌吸奶器（以类目列表为准）, شفاط حليب, مضخة（文章列表聚合）, مضخة الثدي, شفاط（站内检索与栏目聚合）",【VOC聚合·待业务审核】（无有效型号词，请人工维护）,阿联酋要同时覆盖阿语本地妈妈与英语 expatriate 妈妈，两套入口都要保留。,垂类官方媒体类,Baby Arabia,Pregnancy / Kids / Parenting 内容区,https://baby-arabia.com/en/category/pregnancy/,"pregnancy, parenting, breastfeeding, baby care, stroller, nursery",适合补海湾地区英语/阿语混合表达。,S24,人工,safety concern;recall;warning,SEG01
澳大利亚,5052.41611321,"吸奶器（2543）
喂养电器（1045）
家居出行（540）
智能母婴电器（370）
内衣服饰（252）","【VOC聚合·待业务审核】国际（VOC提及候选）：Medela, Spectra, Spectra S2, Ardo Calypso, Spectra S2+；本土/其他（VOC提及候选）：breast pump, New Beginnings, review（结果列表随算法变化）, single electric breast pump, 含手挤, 手动泵, 电动泵等方法叙述","【VOC聚合·待业务审核】Spectra S2, Medela Swing, Haakaa",澳大利亚更适合抓实用型内容和家庭日常表达，建议优先抓官方育儿站点与本地妈妈社群。,社媒传播类,Instagram,Hashtag 入口：#aussiemum / #breastfeedingaustralia / #mumlifeau,https://www.instagram.com/explore/tags/breastfeedingaustralia/,"aussie mum, breastfeeding australia, pram review, pumping, bottle steriliser, sleep training",抓实用教程和装备评测类内容。,S01,半自动,disappointing;not worth;waste,"SEG01,SEG02"
澳大利亚,5052.41611321,"吸奶器（2543）
喂养电器（1045）
家居出行（540）
智能母婴电器（370）
内衣服饰（252）","【VOC聚合·待业务审核】国际（VOC提及候选）：Medela, Spectra, Spectra S2, Ardo Calypso, Spectra S2+；本土/其他（VOC提及候选）：breast pump, New Beginnings, review（结果列表随算法变化）, single electric breast pump, 含手挤, 手动泵, 电动泵等方法叙述","【VOC聚合·待业务审核】Spectra S2, Medela Swing, Haakaa",澳大利亚更适合抓实用型内容和家庭日常表达，建议优先抓官方育儿站点与本地妈妈社群。,社媒传播类,Peanut / Facebook,local mums / mothers groups / newborn support,https://www.peanut-app.io/,"local mums, newborn support, pumping, sleep, pram, toddler routine",以人工采样为主，适合补社区语料。,S06,半自动,disappointing;not worth;waste,"SEG01,SEG02"
澳大利亚,5052.41611321,"吸奶器（2543）
喂养电器（1045）
家居出行（540）
智能母婴电器（370）
内衣服饰（252）","【VOC聚合·待业务审核】国际（VOC提及候选）：Medela, Spectra, Spectra S2, Ardo Calypso, Spectra S2+；本土/其他（VOC提及候选）：breast pump, New Beginnings, review（结果列表随算法变化）, single electric breast pump, 含手挤, 手动泵, 电动泵等方法叙述","【VOC聚合·待业务审核】Spectra S2, Medela Swing, Haakaa",澳大利亚更适合抓实用型内容和家庭日常表达，建议优先抓官方育儿站点与本地妈妈社群。,垂类社区类,Facebook Groups,Sydney mums / Melbourne mums / breastfeeding support,站内搜索 city + mums / breastfeeding,"sydney mums, melbourne mums, breastfeeding support, pram, sleep school",抓地方性育儿服务和真实体验。,S01,半自动,pain;leak;difficult;frustrated,"SEG01,SEG02"
澳大利亚,5052.41611321,"吸奶器（2543）
喂养电器（1045）
家居出行（540）
智能母婴电器（370）
内衣服饰（252）","【VOC聚合·待业务审核】国际（VOC提及候选）：Medela, Spectra, Spectra S2, Ardo Calypso, Spectra S2+；本土/其他（VOC提及候选）：breast pump, New Beginnings, review（结果列表随算法变化）, single electric breast pump, 含手挤, 手动泵, 电动泵等方法叙述","【VOC聚合·待业务审核】Spectra S2, Medela Swing, Haakaa",澳大利亚更适合抓实用型内容和家庭日常表达，建议优先抓官方育儿站点与本地妈妈社群。,垂类社区类,Reddit,育儿与本地妈妈话题串,https://www.reddit.com/r/BabyBumps/,"australia baby, pumping, sleep training, pram, daycare, postpartum",适合补论坛式长文与评论区表达。,S03,半自动,pain;leak;difficult;frustrated,"SEG01,SEG02"
澳大利亚,5052.41611321,"吸奶器（2543）
喂养电器（1045）
家居出行（540）
智能母婴电器（370）
内衣服饰（252）","【VOC聚合·待业务审核】国际（VOC提及候选）：Medela, Spectra, Spectra S2, Ardo Calypso, Spectra S2+；本土/其他（VOC提及候选）：breast pump, New Beginnings, review（结果列表随算法变化）, single electric breast pump, 含手挤, 手动泵, 电动泵等方法叙述","【VOC聚合·待业务审核】Spectra S2, Medela Swing, Haakaa",澳大利亚更适合抓实用型内容和家庭日常表达，建议优先抓官方育儿站点与本地妈妈社群。,垂类官方媒体类,Mum Central,Breastfeeding category,https://mumcentral.com.au/category/pregnancy/breastfeeding/,"breastfeeding, pumping, pregnancy, products, tips, mum hacks",补澳洲生活方式型母婴表达。,S26,人工,safety concern;recall;warning,SEG01
澳大利亚,5052.41611321,"吸奶器（2543）
喂养电器（1045）
家居出行（540）
智能母婴电器（370）
内衣服饰（252）","【VOC聚合·待业务审核】国际（VOC提及候选）：Medela, Spectra, Spectra S2, Ardo Calypso, Spectra S2+；本土/其他（VOC提及候选）：breast pump, New Beginnings, review（结果列表随算法变化）, single electric breast pump, 含手挤, 手动泵, 电动泵等方法叙述","【VOC聚合·待业务审核】Spectra S2, Medela Swing, Haakaa",澳大利亚更适合抓实用型内容和家庭日常表达，建议优先抓官方育儿站点与本地妈妈社群。,垂类官方媒体类,Raising Children Network,"Babies > Breastfeeding, bottle-feeding & solids",https://raisingchildren.net.au/babies,"babies, breastfeeding, bottle-feeding, solids, sleep, baby health",适合建立澳洲权威问题词标准库。,S25,人工,safety concern;recall;warning,SEG01
沙特阿拉伯,4911.9353145,"吸奶器（3458）
喂养电器（653）
内衣服饰（274）
母婴综合护理（208）
智能母婴电器（188）","【VOC聚合·待业务审核】国际（VOC提及候选）：Medela, Spectra, Momcozy, MomCozy, Momcozy V1, Spectra S2 Plus 等（榜单含电动吸奶器类目）, Chicco, Philips Avent；本土/其他（VOC提及候选）：wearable pumps, Farlin","【VOC聚合·待业务审核】Medela Swing, Spectra S2, Philips Avent",沙特建议分阿语主流内容和英语 expatriate 内容两条线，阿语词根必须单独建包。,社媒传播类,Instagram,Hashtag 入口：#امومة / #رضاعة / #شفاط_حليب,站内搜索 阿语词根 + baby / mom,"امومة, رضاعة, شفاط حليب, مضخة حليب, تعقيم الرضاعات, عربة أطفال",优先抓阿语原生内容与评论区。,S01,半自动,disappointing;not worth;waste,"SEG01,SEG02"
沙特阿拉伯,4911.9353145,"吸奶器（3458）
喂养电器（653）
内衣服饰（274）
母婴综合护理（208）
智能母婴电器（188）","【VOC聚合·待业务审核】国际（VOC提及候选）：Medela, Spectra, Momcozy, MomCozy, Momcozy V1, Spectra S2 Plus 等（榜单含电动吸奶器类目）, Chicco, Philips Avent；本土/其他（VOC提及候选）：wearable pumps, Farlin","【VOC聚合·待业务审核】Medela Swing, Spectra S2, Philips Avent",沙特建议分阿语主流内容和英语 expatriate 内容两条线，阿语词根必须单独建包。,社媒传播类,Snapchat / TikTok,搜索入口：رضاعة / مولود / mom tips,站内搜索 رضاعة / شفاط / newborn,"رضاعة, مولود, شفاط, baby bottle, stroller, postpartum, sleep",短视频适合抓场景需求和产品异议。,S01,半自动,disappointing;not worth;waste,"SEG01,SEG02"
沙特阿拉伯,4911.9353145,"吸奶器（3458）
喂养电器（653）
内衣服饰（274）
母婴综合护理（208）
智能母婴电器（188）","【VOC聚合·待业务审核】国际（VOC提及候选）：Medela, Spectra, Momcozy, MomCozy, Momcozy V1, Spectra S2 Plus 等（榜单含电动吸奶器类目）, Chicco, Philips Avent；本土/其他（VOC提及候选）：wearable pumps, Farlin","【VOC聚合·待业务审核】Medela Swing, Spectra S2, Philips Avent",沙特建议分阿语主流内容和英语 expatriate 内容两条线，阿语词根必须单独建包。,垂类社区类,BabyCenter Community,Pregnancy / newborn / feeding 相关话题,http://community.babycenter.com/,"feeding, pumping, newborn, sleep, bottle refusal, postpartum",补英语 expatriate 妈妈视角。,S27,半自动,pain;leak;difficult;frustrated,"SEG01,SEG02"
沙特阿拉伯,4911.9353145,"吸奶器（3458）
喂养电器（653）
内衣服饰（274）
母婴综合护理（208）
智能母婴电器（188）","【VOC聚合·待业务审核】国际（VOC提及候选）：Medela, Spectra, Momcozy, MomCozy, Momcozy V1, Spectra S2 Plus 等（榜单含电动吸奶器类目）, Chicco, Philips Avent；本土/其他（VOC提及候选）：wearable pumps, Farlin","【VOC聚合·待业务审核】Medela Swing, Spectra S2, Philips Avent",沙特建议分阿语主流内容和英语 expatriate 内容两条线，阿语词根必须单独建包。,垂类社区类,Facebook Groups,Saudi moms / Arabic breastfeeding / expat moms groups,站内搜索 saudi moms / breastfeeding saudi / arab moms,"saudi moms, breastfeeding saudi, arab moms, newborn, pumping, stroller",公开群优先，私域群以人工观察为主。,S01,半自动,pain;leak;difficult;frustrated,"SEG01,SEG02"
沙特阿拉伯,4911.9353145,"吸奶器（3458）
喂养电器（653）
内衣服饰（274）
母婴综合护理（208）
智能母婴电器（188）","【VOC聚合·待业务审核】国际（VOC提及候选）：Medela, Spectra, Momcozy, MomCozy, Momcozy V1, Spectra S2 Plus 等（榜单含电动吸奶器类目）, Chicco, Philips Avent；本土/其他（VOC提及候选）：wearable pumps, Farlin","【VOC聚合·待业务审核】Medela Swing, Spectra S2, Philips Avent",沙特建议分阿语主流内容和英语 expatriate 内容两条线，阿语词根必须单独建包。,垂类官方媒体类,3a2ilati,哺乳与育儿内容区,https://www.3a2ilati.com/,"رضاعة, جدول الرضاعة, طفل, شفاط حليب, نوم الرضيع, رضاعة طبيعية",适合提取阿语教育型关键词。,S23,人工,safety concern;recall;warning,SEG01
沙特阿拉伯,4911.9353145,"吸奶器（3458）
喂养电器（653）
内衣服饰（274）
母婴综合护理（208）
智能母婴电器（188）","【VOC聚合·待业务审核】国际（VOC提及候选）：Medela, Spectra, Momcozy, MomCozy, Momcozy V1, Spectra S2 Plus 等（榜单含电动吸奶器类目）, Chicco, Philips Avent；本土/其他（VOC提及候选）：wearable pumps, Farlin","【VOC聚合·待业务审核】Medela Swing, Spectra S2, Philips Avent",沙特建议分阿语主流内容和英语 expatriate 内容两条线，阿语词根必须单独建包。,垂类官方媒体类,Baby Arabia,Pregnancy / Parenting 内容区,https://baby-arabia.com/en/category/pregnancy/,"parenting, breastfeeding, pregnancy, newborn, baby care",适合补中东母婴媒体表达。,S24,人工,safety concern;recall;warning,SEG01
中国,4398.36,"吸奶器
喂养电器
家居出行",,,,电商评论类,Amazon 本地站,产品搜索 + 1-2星筛选,https://www.amazon.cn,,,,自动,broken;returned;stopped working;regret,SEG03
中国,4398.36,"吸奶器
喂养电器
家居出行",,,,垂类社区类,本地母婴论坛,搜索板块 / 育儿讨论区,,,,,半自动,pain;leak;difficult;frustrated,"SEG01,SEG02"
中国,4398.36,"吸奶器
喂养电器
家居出行",,,,社媒传播类,YouTube,搜索: breast pump review / 产品词 + problem,https://www.youtube.com/results?search_query=breast+pump+review,,,,半自动,disappointing;not worth;waste,"SEG01,SEG02"
中国,4398.36,"吸奶器
喂养电器
家居出行",,,,社媒传播类,Facebook Groups,母婴群组搜索,https://www.facebook.com/groups/,,,,人工,disappointing;not worth;waste,"SEG01,SEG02"
意大利,4095.75,"吸奶器
喂养电器
家居出行",,,,电商评论类,Amazon 本地站,产品搜索 + 1-2星筛选,https://www.amazon.it,,,,自动,broken;returned;stopped working;regret,SEG03
意大利,4095.75,"吸奶器
喂养电器
家居出行",,,,垂类社区类,本地母婴论坛,搜索板块 / 育儿讨论区,,,,,半自动,pain;leak;difficult;frustrated,"SEG01,SEG02"
意大利,4095.75,"吸奶器
喂养电器
家居出行",,,,社媒传播类,YouTube,搜索: breast pump review / 产品词 + problem,https://www.youtube.com/results?search_query=breast+pump+review,,,,半自动,disappointing;not worth;waste,"SEG01,SEG02"
意大利,4095.75,"吸奶器
喂养电器
家居出行",,,,社媒传播类,Facebook Groups,母婴群组搜索,https://www.facebook.com/groups/,,,,人工,disappointing;not worth;waste,"SEG01,SEG02"
马来西亚,3420.33,"吸奶器
喂养电器
家居出行",,,,电商评论类,Amazon 本地站,产品搜索 + 1-2星筛选,https://www.amazon.com,,,,自动,broken;returned;stopped working;regret,SEG03
马来西亚,3420.33,"吸奶器
喂养电器
家居出行",,,,垂类社区类,本地母婴论坛,搜索板块 / 育儿讨论区,,,,,半自动,pain;leak;difficult;frustrated,"SEG01,SEG02"
马来西亚,3420.33,"吸奶器
喂养电器
家居出行",,,,社媒传播类,YouTube,搜索: breast pump review / 产品词 + problem,https://www.youtube.com/results?search_query=breast+pump+review,,,,半自动,disappointing;not worth;waste,"SEG01,SEG02"
马来西亚,3420.33,"吸奶器
喂养电器
家居出行",,,,社媒传播类,Facebook Groups,母婴群组搜索,https://www.facebook.com/groups/,,,,人工,disappointing;not worth;waste,"SEG01,SEG02"
奥地利,3000.69,"吸奶器
喂养电器
家居出行",,,,电商评论类,Amazon 本地站,产品搜索 + 1-2星筛选,https://www.amazon.de,,,,自动,broken;returned;stopped working;regret,SEG03
奥地利,3000.69,"吸奶器
喂养电器
家居出行",,,,垂类社区类,本地母婴论坛,搜索板块 / 育儿讨论区,,,,,半自动,pain;leak;difficult;frustrated,"SEG01,SEG02"
奥地利,3000.69,"吸奶器
喂养电器
家居出行",,,,社媒传播类,YouTube,搜索: breast pump review / 产品词 + problem,https://www.youtube.com/results?search_query=breast+pump+review,,,,半自动,disappointing;not worth;waste,"SEG01,SEG02"
奥地利,3000.69,"吸奶器
喂养电器
家居出行",,,,社媒传播类,Facebook Groups,母婴群组搜索,https://www.facebook.com/groups/,,,,人工,disappointing;not worth;waste,"SEG01,SEG02"
越南,2426.92,"吸奶器
喂养电器
家居出行",,,,电商评论类,Amazon 本地站,产品搜索 + 1-2星筛选,https://www.amazon.com,,,,自动,broken;returned;stopped working;regret,SEG03
越南,2426.92,"吸奶器
喂养电器
家居出行",,,,垂类社区类,本地母婴论坛,搜索板块 / 育儿讨论区,,,,,半自动,pain;leak;difficult;frustrated,"SEG01,SEG02"
越南,2426.92,"吸奶器
喂养电器
家居出行",,,,社媒传播类,YouTube,搜索: breast pump review / 产品词 + problem,https://www.youtube.com/results?search_query=breast+pump+review,,,,半自动,disappointing;not worth;waste,"SEG01,SEG02"
越南,2426.92,"吸奶器
喂养电器
家居出行",,,,社媒传播类,Facebook Groups,母婴群组搜索,https://www.facebook.com/groups/,,,,人工,disappointing;not worth;waste,"SEG01,SEG02"
波兰,2409.15,"吸奶器
喂养电器
家居出行",,,,电商评论类,Amazon 本地站,产品搜索 + 1-2星筛选,https://www.amazon.pl,,,,自动,broken;returned;stopped working;regret,SEG03
波兰,2409.15,"吸奶器
喂养电器
家居出行",,,,垂类社区类,本地母婴论坛,搜索板块 / 育儿讨论区,,,,,半自动,pain;leak;difficult;frustrated,"SEG01,SEG02"
波兰,2409.15,"吸奶器
喂养电器
家居出行",,,,社媒传播类,YouTube,搜索: breast pump review / 产品词 + problem,https://www.youtube.com/results?search_query=breast+pump+review,,,,半自动,disappointing;not worth;waste,"SEG01,SEG02"
波兰,2409.15,"吸奶器
喂养电器
家居出行",,,,社媒传播类,Facebook Groups,母婴群组搜索,https://www.facebook.com/groups/,,,,人工,disappointing;not worth;waste,"SEG01,SEG02"
菲律宾,2160.17,"吸奶器
喂养电器
家居出行",,,,电商评论类,Amazon 本地站,产品搜索 + 1-2星筛选,https://www.amazon.com,,,,自动,broken;returned;stopped working;regret,SEG03
菲律宾,2160.17,"吸奶器
喂养电器
家居出行",,,,垂类社区类,本地母婴论坛,搜索板块 / 育儿讨论区,,,,,半自动,pain;leak;difficult;frustrated,"SEG01,SEG02"
菲律宾,2160.17,"吸奶器
喂养电器
家居出行",,,,社媒传播类,YouTube,搜索: breast pump review / 产品词 + problem,https://www.youtube.com/results?search_query=breast+pump+review,,,,半自动,disappointing;not worth;waste,"SEG01,SEG02"
菲律宾,2160.17,"吸奶器
喂养电器
家居出行",,,,社媒传播类,Facebook Groups,母婴群组搜索,https://www.facebook.com/groups/,,,,人工,disappointing;not worth;waste,"SEG01,SEG02"
泰国,1833.14,"吸奶器
喂养电器
家居出行",,,,电商评论类,Amazon 本地站,产品搜索 + 1-2星筛选,https://www.amazon.com,,,,自动,broken;returned;stopped working;regret,SEG03
泰国,1833.14,"吸奶器
喂养电器
家居出行",,,,垂类社区类,本地母婴论坛,搜索板块 / 育儿讨论区,,,,,半自动,pain;leak;difficult;frustrated,"SEG01,SEG02"
泰国,1833.14,"吸奶器
喂养电器
家居出行",,,,社媒传播类,YouTube,搜索: breast pump review / 产品词 + problem,https://www.youtube.com/results?search_query=breast+pump+review,,,,半自动,disappointing;not worth;waste,"SEG01,SEG02"
泰国,1833.14,"吸奶器
喂养电器
家居出行",,,,社媒传播类,Facebook Groups,母婴群组搜索,https://www.facebook.com/groups/,,,,人工,disappointing;not worth;waste,"SEG01,SEG02"
荷兰,1423.33,"吸奶器
喂养电器
家居出行",,,,电商评论类,Amazon 本地站,产品搜索 + 1-2星筛选,https://www.amazon.nl,,,,自动,broken;returned;stopped working;regret,SEG03
荷兰,1423.33,"吸奶器
喂养电器
家居出行",,,,垂类社区类,本地母婴论坛,搜索板块 / 育儿讨论区,,,,,半自动,pain;leak;difficult;frustrated,"SEG01,SEG02"
荷兰,1423.33,"吸奶器
喂养电器
家居出行",,,,社媒传播类,YouTube,搜索: breast pump review / 产品词 + problem,https://www.youtube.com/results?search_query=breast+pump+review,,,,半自动,disappointing;not worth;waste,"SEG01,SEG02"
荷兰,1423.33,"吸奶器
喂养电器
家居出行",,,,社媒传播类,Facebook Groups,母婴群组搜索,https://www.facebook.com/groups/,,,,人工,disappointing;not worth;waste,"SEG01,SEG02"
比利时,1235.72,"吸奶器
喂养电器
家居出行",,,,电商评论类,Amazon 本地站,产品搜索 + 1-2星筛选,https://www.amazon.com.be,,,,自动,broken;returned;stopped working;regret,SEG03
比利时,1235.72,"吸奶器
喂养电器
家居出行",,,,垂类社区类,本地母婴论坛,搜索板块 / 育儿讨论区,,,,,半自动,pain;leak;difficult;frustrated,"SEG01,SEG02"
比利时,1235.72,"吸奶器
喂养电器
家居出行",,,,社媒传播类,YouTube,搜索: breast pump review / 产品词 + problem,https://www.youtube.com/results?search_query=breast+pump+review,,,,半自动,disappointing;not worth;waste,"SEG01,SEG02"
比利时,1235.72,"吸奶器
喂养电器
家居出行",,,,社媒传播类,Facebook Groups,母婴群组搜索,https://www.facebook.com/groups/,,,,人工,disappointing;not worth;waste,"SEG01,SEG02"
