国家,区域cluster,国家购买力层级,产品品线,核心竞争品牌（国际/本土）,核心竞品产品名称/型号,品线优先级,样本客群,品类支出心智,价格敏感方式,套装偏好,赠品偏好,节点促销敏感度,品牌梯度偏好,成交偏好渠道,推荐价格策略,推荐促销打法,推荐套装方向,推荐赠品方向,主要风险提示,国家本地判断
日本,东亚高内容驱动区,中高,吸奶器,"【VOC聚合·待业务审核】国际（VOC提及候选）：Medela；本土/其他（VOC提及候选）：搾乳器, 電動, メデラ, 手動, 多様な相談タイトル（結果一覧に依存）, 授乳, 搾乳, 選び方（站内検索結果に依存）",【VOC聚合·待业务审核】（无有效型号词，请人工维护）,P0,产后建奶新手妈妈 / 返岗背奶效率妈妈 / 高频泵奶复购家庭,中高价理性比较 + 短期使用权衡型,先比手动/电动/双边/免提的使用边界，再比较买断 vs 租赁、静音、清洗成本与短期值不值。,中,中,中,Pigeon 主流款 / Medela 升级款 / 手动入门款并存,Amazon / 楽天 / 公式EC + 价格比较 + 口コミ导流,采用“入门买断 / 主流买断 / 升级买断 / 官方租赁替代”四层结构；先解释适用边界，再解释价格差异。,更适合清晰价格层、配件/消毒/储奶袋套装与短期高频场景说明，不适合粗暴低价冲量。,主机+储奶袋/清洗件/法兰适配件/外出收纳,储奶袋、清洗用品、法兰适配件、试用配件,直接照搬中国内容电商话术、单纯大促喊价、忽略租赁路径与短期使用心智。,日本已形成“官方价 + Amazon价 + 楽天零售承接 + 官方租赁价”的四锚点，并且问答层能直接看到‘几分钟、多少ml、何时搾乳’的原生表达，已可作为正式完整版样本并入。
瑞典,西欧理性实用区,中高,吸奶器,"【VOC聚合·待业务审核】国际（VOC提及候选）：Medela, Spectra, Philips；本土/其他（VOC提及候选）：tester, el, handmjölka",【VOC聚合·待业务审核】Philips Avent,P0,产后建奶新手妈妈 / 返岗背奶效率妈妈 / 高频泵奶复购家庭,高信任理性比较型（公共指导+apotek+横评+比价）,"先锁定基础/主流/premium 三层（约 646-974 kr / 1,266-2,017 kr / 2,999-7,619 kr），再比较药房、母婴零售与比价站的到手价与退换条款。",中,中,中,Medela / Philips Avent / Elvie / MAM 等与本地横评强绑定,apotek 在线（如 Apotea）+ 母婴零售（Jollyroom）+ 价格比较（PriceRunner）+ 公共健康指导,采用“基础手动/单边 / 主流双边电动 / premium wearable + 医院或 apotek 租赁备选”结构；先解释适用边界，再解释价格差异。,更适合测试标签、退换友好（365 öppet köp）、套装与卫生场景说明，不适合粗暴低价冲量。,主机+储奶袋/消毒清洗/法兰配件/外出收纳,储奶袋、消毒用品、法兰适配件,直接照搬荷兰德语区打法、忽略 1177 公共指导与 Apotek 承接、只做低价促销。,瑞典已形成 1177+BVC+apotek/租赁 + Familjeliv + 横评/比价 + Jollyroom/Apotea 承接链，可作为西欧理性 cluster 下北欧高信任正式样本并入。
芬兰,西欧理性实用区,中高,吸奶器,"【VOC聚合·待业务审核】国际（VOC提及候选）：Medela, Spectra, Philips；本土/其他（VOC提及候选）：sähköinen, imetys, testit, 以站点导航为准",【VOC聚合·待业务审核】Philips Avent,P0,产后建奶新手妈妈 / 返岗背奶效率妈妈 / 高频泵奶复购家庭,高信任理性比较型（Terveyskirjasto/imetys+Vertaa+apteekki+欧元带）,先锁定欧元下约 €40+ 手动入门 / ~€100–250 主流电动双边 / €300+ hands-free 等层，再比较 Verkkokauppa、Yliopiston apteekki 与 vuokraus 路径。,中,中,中,Medela / Philips Avent / Elvie 等与本地比价、论坛口碑强绑定,imetys.fi + Terveyskirjasto 引导、Vertaa 比价、Verkkokauppa、Yliopiston apteekki、rintapumppu.fi 租赁,采用「€40+ 手动入门 / ~€100–250 主流双边 / €300+ premium + rintapumppu.fi 医院级租赁备选」结构；先解释 täyspumppaus 与护罩边界，再解释价差。,更适合讲卫生场景、双边效率、租赁备选与比价逻辑，不适合粗暴低价冲量或套用瑞典克朗叙事。,主机+储奶袋/清洗消毒/护罩适配件/外出背奶收纳,储奶袋、清洗用品、护罩适配件,照搬瑞典 1177、混用瑞典语料、忽略芬兰语 NGO 与欧元带、只做英文跨境话术。,芬兰已形成 Terveyskirjasto+imetys.fi + Vauva + Vertaa/Verkkokauppa + Yliopiston apteekki + rintapumppu.fi 租赁链，可作为西欧理性 cluster 下北欧芬兰语正式样本并入（与瑞典并列、语料不混用）。
新西兰,英语成熟市场,中高,吸奶器,"【VOC聚合·待业务审核】国际（VOC提及候选）：Medela；本土/其他（VOC提及候选）：hand expressing, manual, wearable, Milkbar, hand-held pump, pump, oversupply, electric pump（方法框架）","【VOC聚合·待业务审核】Medela Swing, Philips Avent",P0,产后建奶新手妈妈 / 返岗背奶效率妈妈 / 高频泵奶复购家庭,实用升级型（Te Whatu Ora/Health Navigator/Plunket+英语社区+Trade Me/药房）,NZD 下主流电动双边与中阶便携为常见成交带；二手 Trade Me 为重要价格锚；大促需配合 FAQ 与套装。,中,中,中,国际品牌与澳新常见牌并存；口碑与可替换配件影响大,Trade Me、药房/连锁电商、品牌官网与澳新平行跨境店,采用「入门手动/单边的 Trade Me 二手锚 + 药房新品 NZD 带 + 中高价电动双边」结构；返岗场景讲清噪音与便携。,套装与节点促销配合教程与对比表；避免无口碑裸价。,主机+储奶袋/消毒清洗/护罩配件/背奶包,储奶袋、清洗用品、护罩适配件,只引用澳大利亚内容却标为新西兰专属、忽略 Trade Me 与 .nz 公立站、或套用东南亚直播话术。,新西兰已形成 .nz 公立站+Plunket+Health Navigator + BabyCenter/FB + YouTube + Trade Me/药房链，可作为英语成熟市场下 anz 模板正式样本并入（与澳大利亚对照、不可混写平台清单）。
葡萄牙,中东欧理性比较区,中,吸奶器,"【VOC聚合·待业务审核】国际（VOC提及候选）：Chicco, Philips Avent, Medela, Nuk；本土/其他（VOC提及候选）：bomba tira leite, extrator manual, bomba elétrica, aleitamento materno, amamentação, aleitamento, WHO",【VOC聚合·待业务审核】Philips Avent,P0,产后建奶新手妈妈 / 返岗背奶效率妈妈 / 高频泵奶复购家庭,理性比较型（SNS/Bebés+FB+Continente/Fnac/Amazon.es）,欧元带下中价电动双边常见；节庆与券类组合敏感；与波兰同属 CEE 模板但须用葡语与本土零售商。,中,中,高,Medela/Philips 等国际牌与电商星级强绑定,Continente/Auchan/Worten、Fnac、Amazon.es、品牌官网,采用「入门单边欧元带 + 中价电动双边 + 节庆券组合」结构；用连锁与 Fnac 页做规格对照。,促销倒计时+券+套装；先堆长评与对比表再放量。,主机+储奶袋/消毒清洗/护罩适配件,储奶袋、清洗用品、券包说明,照搬波兰语料、忽略葡语零售商与 SNS、或只用英语跨境页冒充本地。,葡萄牙已形成葡语 SNS+育儿媒体+FB 群+Continente/Fnac+Amazon.es 证据链，可作为中东欧理性比较区扩展样本并入（与波兰同模板组、语料独立）。
罗马尼亚,中东欧理性比较区,中,吸奶器,"【VOC聚合·待业务审核】国际（VOC提及候选）：MOMCOZY, Philips-AVENT, Medela, NUK 等品牌筛选项, PHILIPS AVENT；本土/其他（VOC提及候选）：Doopser, pompa de san electrica, lactatie, Neno, Doopser DPS-010, XIOMAX, LORELLI 等品牌筛选项",【VOC聚合·待业务审核】Philips Avent,P0,产后建奶新手妈妈 / 返岗背奶效率妈妈 / 高频泵奶复购家庭,理性比较型（ms.ro+eMAG/Altex+罗语育儿+Dadc+FB）,RON 与欧元参考价并存；中价电动双边常见；黑五/节庆券敏感；与波兰同属 CEE 模板但须用罗语与本土电商。,中,中,高,Medela/Philips 等国际牌与 eMAG 评价强绑定,eMAG、Altex、药房/连锁（视品类）、品牌官网,采用「入门单边 RON 带 + 中价电动双边 + 黑五/节庆券」结构；用 eMAG/Altex 星级页做规格对照。,促销倒计时+券+套装；先堆长评与对比表再放量。,主机+储奶袋/消毒清洗/护罩适配件,储奶袋、清洗用品、券包说明,照搬波兰或葡语语料、忽略 eMAG 主成交轴、或只用英语页冒充本地。,罗马尼亚已形成 ms.ro+eMAG/Altex+罗语育儿源+FB 群证据链，可作为中东欧理性比较区扩展样本并入（与波兰/葡萄牙同模板组、语料与 URL 独立）。
印度,南亚高移动电商社媒区,入门—中价为主,吸奶器,"【VOC聚合·待业务审核】国际（VOC提及候选）：Philips Avent, Medela, Medela（以视频结果为准）；本土/其他（VOC提及候选）：Luvlap, Roboson, breast pump, LuvLap, breastfeeding, best breast pump, pumping, wearable",【VOC聚合·待业务审核】Philips Avent,P0,产后建奶新手妈妈 / 返岗背奶效率妈妈 / 高频泵奶复购家庭,强教育+双电商长评+FAQ/清单（UNICEF/FirstCry/Nourishing Tales + Amazon+Flipkart）,"先锁定 ₹ 分层（如指南常见的约 ₹1,000–4,000 / ₹5,000–12,000 / ₹13,000+），再比较 Amazon.in、Flipkart、FirstCry 与品牌印度站。",高,中高,高,Philips Avent / Medela / LuvLap / Momcozy 等与长评、教程视频强绑定,UNICEF/公共叙事引导、FirstCry Parenting + 站内指南、双电商（Amazon+Flipkart）、Medela/Philips .in,采用「₹ 入门手动—基础电动 / ₹ 中档双边与效率 / ₹ 高端可穿戴」结构；先解释使用频次与卫生场景，再解释价差与 EMI。,节庆券、套装、首单礼与 EMI 并重；内容侧先 FAQ 与清单，再型号对比。,主机+储奶袋/清洗件/法兰适配件/便携收纳+节庆券场景说明,储奶袋、清洗刷、试用法兰/阀片、首单礼,照搬东南亚直播秒杀、忽略电商问答与长评、只做英文跨境详情页。,印度已形成 UNICEF/公共叙事 + FirstCry Parenting/站内 checklist + 深度指南 + Philips/Medela.in + Amazon.in + Flipkart 双轴，并已补 **YouTube 双链（MOMCOZY / R for Rabbit）+ FirstCry Parenting 垂直问答 + 双电商评论页 + 印地语 FirstCry Hindi**；可作为 **南亚高移动电商社媒区** cluster 下首个正式完整版并入样本（与东南亚直播主导区分）。
挪威,西欧理性实用区,中高,吸奶器,"【VOC聚合·待业务审核】国际（VOC提及候选）：Medela, Spectra, Philips；本土/其他（VOC提及候选）：håndmelking, 政策, amming, tester",【VOC聚合·待业务审核】Philips Avent,P1,产后建奶新手妈妈 / 返岗背奶效率妈妈 / 高频泵奶复购家庭,高信任理性比较型（Helsenorge/Ammehjelpen + Babyverden + Prisjakt + Apotek 1 + NOK 价格带）,先锁定约 159 NOK+ 手动入门 / 900–2800 NOK 主流电动与双泵 / 3500+ NOK hands-free premium，再比较药房、比价与是否真的需要升级。,中,中,中,Medela / Philips Avent / Elvie / Momcozy 与挪威本地论坛口碑、药房可得性强绑定,Babyverden 讨论种草、Prisjakt 比价、Apotek 1 高信任成交,采用「159 NOK+ 手动入门 / 900–2800 NOK 主流电动与双泵 / 3500+ NOK hands-free premium」结构；先解释 fullpumping、节时与卫生，再解释价差。,更适合讲时间效率、清洁消毒、hands-free 边界和药房可信度，不适合单纯低价冲量。,主机 + 储奶袋 / 清洗消毒 / 护罩适配件 / 背奶收纳,储奶袋、清洗用品、护罩适配件,混用瑞典/芬兰主证据；只讲英文 wearable 升级；忽略挪威论坛和药房场景。,挪威已形成 Helsenorge + Ammehjelpen + Babyverden + Prisjakt + Apotek 1 链，可作为西欧理性 cluster 下北欧高信任正式样本并入。
丹麦,西欧理性实用区,中高,吸奶器,"【VOC聚合·待业务审核】国际（VOC提及候选）：Medela, Spectra, Philips；本土/其他（VOC提及候选）：卫生, 频率）, side 结果为准",【VOC聚合·待业务审核】Philips Avent,P1,产后建奶新手妈妈 / 返岗背奶效率妈妈 / 高频泵奶复购家庭,高信任理性比较型（sundhed.dk/Ammenet + Min-Mave + PriceRunner + Webapoteket + DKK 价格带）,先锁定约 167 DKK+ 手动入门 / 800–1600 DKK 主流电动与单双泵 / 1800+ DKK hands-free premium，再比较功能、舒适度与药房配件可得性。,中,中,中,Medela / Philips Avent / MAM / Elvie 等与丹麦本地论坛口碑和药房可得性强绑定,Min-Mave 讨论种草、PriceRunner 比价、Webapoteket / 药房高信任成交,采用「167 DKK+ 手动入门 / 800–1600 DKK 主流电动与单双泵 / 1800+ DKK hands-free premium」结构；先解释舒适度、场景适配和节时，再解释价差。,更适合讲时间效率、舒适与药房高信任，不适合单纯低价冲量。,主机 + 储奶袋 / 清洗消毒 / 护罩适配件 / 背奶收纳,储奶袋、清洗用品、护罩适配件,混用瑞典 / 芬兰 / 挪威主证据；只讲北美 wearable 叙事；忽略 Min-Mave 与丹麦药房体系。,丹麦已形成 sundhed.dk + Ammenet + Min-Mave + PriceRunner + Webapoteket 链，可作为西欧理性 cluster 下北欧高信任正式样本并入。
突尼斯,MENA 阿语模板（待升级）,入门—中价为主,吸奶器,"【VOC聚合·待业务审核】国际（VOC提及候选）：Chicco, Chicco tire-lait manuel；本土/其他（VOC提及候选）：travail, allaitement, tire-lait, allaitement maternel, association HANEN, tirer le lait, congeler le lait, الرضاعة الطبيعية","【VOC聚合·待业务审核】Lansinoh, Philips Avent",P0,产后建奶新手妈妈 / 返岗背奶效率妈妈 / 高频泵奶复购家庭,返岗实用型（公共卫生/返岗议题 + 教程内容 + 药房/价格比较站）,先锁定 TND 入门手动、基础电动与双边/免手持升级三层，再比较药房、价格比较站与双语零售页,中,中,中高,Medela、Philips Avent、Canpol Babies 等与教程内容和药房承接强绑定,药房/专业零售、价格比较站、本地双语零售页、部分品牌化进口零售,采用「手动入门 TND 带 + 基础电动中价 + 双边/免手持升级补充」结构；先讲返岗效率与清洗便利，再谈品牌差价。,以药房套餐、双语教程内容和价格比较页并列承接；避免只做品牌溢价型促销。,主机+储奶袋/清洗消毒/法兰适配件/便携收纳,储奶袋、清洗用品、入门说明卡,直接套海湾高购买力打法、只讲高端礼盒与国际品牌、不解释本地法语/阿语混合语境和药房价格层。,突尼斯已形成公共卫生工具包 + 本地返岗议题 + 妈妈经验 + 双语零售教育 + 药房/价格比较站证据链，可作为 MENA 阿语模板首个正式完整版并入样本。
肯尼亚,非洲英语模板（待升级）,入门—中价为主,吸奶器,"【VOC聚合·待业务审核】国际（VOC提及候选）：Medela, Philips；本土/其他（VOC提及候选）：Generic, 第三方卖家, breastfeeding, breast pump Kenya, baby care, wearable, newborn, nutrition",【VOC聚合·待业务审核】Philips Avent,P0,产后建奶新手妈妈 / 返岗背奶效率妈妈 / 高频泵奶复购家庭,返岗实用型（医院/研究 + 本地育儿站 + 品牌在地站 + Jumia/零售教育）,先锁定 KES 手动入门、单电/便携中价与双边/医院级补充层，再比较 Jumia、Nova 与品牌代理路径,中,中,中高,Philips Avent、Medela 等国际品牌与本地价格层、是否值不值强绑定,Jumia、本地零售教育站、品牌在地站、专业代理/租赁路径,采用「手动入门 KES 带 + 单电/便携中价 + 双边/医院级补充层」结构；先讲返岗效率和储奶便利，再谈品牌差价。,以 Jumia/本地零售教育内容和品牌页并列承接；避免只做国际品牌溢价型促销。,主机+储奶袋/清洗消毒/法兰适配件/便携收纳,储奶袋、清洗用品、返岗使用说明卡,直接套海湾或欧美高购买力打法、只讲国际品牌故事、不解释本地工作场景和价格带。,肯尼亚已形成医院/研究 + 本地育儿教育 + 品牌在地站 + Jumia/Nova 价格层证据链，可作为非洲英语模板首个正式完整版并入样本。
瑞士,德语区,高,吸奶器,"【VOC聚合·待业务审核】国际（VOC提及候选）：Medela Symphony, Momcozy M5, Elvie, Medela Motion InBra, Ardo Melia, Medela Freestyle, Medela Freestyle Hands-free；本土/其他（VOC提及候选）：Helsana, SWICA, CSS, eufy 等, Ersatzteile",【VOC聚合·待业务审核】Medela Freestyle,P0,产后建奶新手妈妈 / 返岗背奶效率妈妈 / 高频泵奶复购家庭,品质理性型（瑞士助产支持 + babyforum + Galaxus + 德语区专业内容）,CHF 中高价接受度较高；更看重舒适度、参数、可清洗性和长期稳定性，促销弱于规格对比。,中,低中,中,Medela 等专业牌优势明显，偏向有测试/专家/零售长评三重背书的品牌。,Galaxus、品牌官网/品牌教育页、药房/母婴零售、德语内容站导流。,用 CHF 中高价单边/双边/可穿戴层级表达；先解释舒适度、静音和稳定性，再讲效率升级。,弱折扣、强规格对比与长评；用套装和耗材适配解释价值，不靠大促拉动。,主机+储奶袋/清洗套件/法兰适配件/便携收纳,储奶袋、清洗用品、返岗使用说明卡,照搬德国/奥地利结论、不补瑞士本地返岗与社区证据，或以价格促销替代专业信任。,瑞士已形成本地助产/返岗支持 + 瑞士社区 + Galaxus 长评/价带 + 德语区专业内容证据链，可作为德语区的非TOP20扩展样本并入。
爱尔兰,英语成熟市场,中高,吸奶器,"【VOC聚合·待业务审核】国际（VOC提及候选）：Tommee Tippee, Medela, Medela Symphony, Elvie, Elvie（可穿戴吸奶器线）, Elvie Pump Single 2；本土/其他（VOC提及候选）：breast pump, MAM Move, wearable breast pump, Nuby, wireless breast pump, electric breast pump","【VOC聚合·待业务审核】Philips Avent, Elvie Pump, Medela Swing, Lansinoh",P0,产后建奶新手妈妈 / 返岗背奶效率妈妈 / 高频泵奶复购家庭,理性升级型（返岗权益/社区口碑 + Boots/Tony Kealys 本地承接）,中高价可行，但要先有社区验证与使用建议；对长期使用成本、套装和返岗适配更敏感。,中,中,中,Medela/Elvie 等成熟品牌占优，偏好有论坛验证、零售承接和本地权益解释的品牌。,Boots.ie、Tony Kealys、品牌官网/社区内容导流、本地论坛/妈妈社群。,用中价单边/双边/可穿戴层级表达；先讲返岗适配、社区口碑和长期使用成本，再讲效率升级。,FAQ + 套装 + 社区长帖验证优先；促销可做但不宜裸价冲量。,主机+储奶袋/清洗套件/法兰适配件/便携收纳,储奶袋、清洗用品、返岗使用说明卡,只复用英国模板、不补爱尔兰本地社区/法规/零售证据，或用夸张卖点替代真实论坛验证。,爱尔兰已形成本地返岗权益/公共信息 + RollerCoaster/Boards.ie 社区 + Boots/Tony Kealys 零售证据链，可作为英语成熟市场的非TOP20扩展样本并入。
匈牙利,中东欧理性比较区,中,吸奶器,"【VOC聚合·待业务审核】国际（VOC提及候选）：Medela, Philips Avent, Momcozy 等 listing 线索, Medela（多 SKU listing）；本土/其他（VOC提及候选）：Pesztonka, mellszívó, WHO, közegészségügy narratíva, A（类目页）","【VOC聚合·待业务审核】Philips Avent, Medela Swing",P0,产后建奶新手妈妈 / 返岗背奶效率妈妈 / 高频泵奶复购家庭,理性比较型（eMAG/Alza + 本土连锁 + 孕妈社群 + 医疗与喂养指南）,HUF 单位下中价位电动/便携双边常见；促销券、返现与节庆档更敏感；与中东欧国家一样重视技术参数与售后稳定性。,中,中,高,Medela/Philips 等国际牌与本土高信任入口评价强绑定,eMAG、Alza、家电与母婴连锁、官方旗舰店与大型平台,采用「入门单边 HUF 带 + 中价电动双边 + 节庆券/返现叠加」结构；用 eMAG/Alza 星级页做参数与物流对照。,促销倒计时+券+套装；先堆长评与对比表再放量。,主机+储奶袋/消毒清洗/护罩适配件,储奶袋、清洗用品、券包说明,照搬波兰/葡语语料、把欧元/英镑语境直接平移、或只报抽象口碑不落地到本地转化入口。,匈牙利已形成 eMAG/Alza+本土母婴媒体+Facebook 妈妈群证据链，可作为中东欧理性比较区扩展样本并入（语料与渠道与葡语/罗语分离）。
保加利亚,中东欧理性比较区,中,吸奶器,"【VOC聚合·待业务审核】国际（VOC提及候选）：Philips Philips Avent, Philips, Medela, Lansinoh, Philips Avent SCF395, Philips Essential SCF323, Medela Swing Maxi；本土/其他（VOC提及候选）：помпа за кърма, BabyOno 等 listing 线索, WHO, public health, електрическа vs ръчна","【VOC聚合·待业务审核】Philips Avent, Medela Swing, Lansinoh",P0,产后建奶新手妈妈 / 返岗背奶效率妈妈 / 高频泵奶复购家庭,理性比较型（eMAG/Pazaruvaj + 本土连锁 + 孕妈社群 + 医疗与喂养指南）,BGN 单位下中低价位电动/便携双边常见；促销券、返现与节庆档更敏感；与中东欧国家一样重视技术参数与售后稳定性。,中,中,高,Medela/Philips 等国际牌与本土高信任入口评价强绑定,eMAG、Pazaruvaj、药房与母婴连锁、官方旗舰店与大型平台,采用「入门单边 BGN 带 + 中价电动双边 + 节庆券/返现叠加」结构；用 eMAG/Pazaruvaj 星级页做参数与物流对照。,促销倒计时+券+套装；先堆长评与对比表再放量。,主机+储奶袋/消毒清洗/护罩适配件,储奶袋、清洗用品、券包说明,照搬波兰/罗马尼亚语料、把欧元/英镑语境直接平移、或只报抽象口碑不落地到本地转化入口。,保加利亚已形成 eMAG/Pazaruvaj+本土母婴媒体+Facebook 妈妈群证据链，可作为中东欧理性比较区扩展样本并入（语料与渠道与罗语/匈语分离）。
希腊,中东欧理性比较区,中,吸奶器,"【VOC聚合·待业务审核】国际（VOC提及候选）：Medela, Momcozy, Philips, Momcozy S9 Pro, Philips（页面展示约 18 个商品线索；本土/其他（VOC提及候选）：Lionelo Twee Go, αντλία θηλασμού, Lorelli 等品牌分布线索, WHO, public health, 用户提问, 教程",【VOC聚合·待业务审核】（无有效型号词，请人工维护）,P0,产后建奶新手妈妈 / 返岗背奶效率妈妈 / 高频泵奶复购家庭,理性比较型（Skroutz/Public + 本土连锁 + 孕妈社群 + 医疗与喂养指南）,EUR 单位下中低价位电动/便携双边常见；促销券、返现与节庆档更敏感；与中东欧国家一样重视技术参数与售后稳定性。,中,中,高,Medela/Philips 等国际牌与本土高信任入口评价强绑定,Skroutz、Public、药房与母婴连锁、官方旗舰店与大型平台,采用「入门单边 EUR 带 + 中价电动双边 + 节庆券/返现叠加」结构；用 Skroutz/Public 星级页做参数与物流对照。,促销倒计时+券+套装；先堆长评与对比表再放量。,主机+储奶袋/消毒清洗/护罩适配件,储奶袋、清洗用品、券包说明,照搬意大利/西班牙语料、把英镑语境直接平移、或只报抽象口碑不落地到本地转化入口。,希腊已形成 Skroutz/Public+本土母婴媒体+Facebook 妈妈群证据链，可作为中东欧理性比较区扩展样本并入（语料与渠道与意大利/西班牙分离）。
俄罗斯,中东欧理性比较区,中,吸奶器,"【VOC聚合·待业务审核】国际（VOC提及候选）：Medela, Spectra, Ardo, Chicco 等（以 выдача 为准）；本土/其他（VOC提及候选）：стены 为准）, электрические, ручные 产品线（以类目为准）, 人口健康语境, 非 SKU）, грудное вскармливание",【VOC聚合·待业务审核】Philips Avent,P0,产后建奶新手妈妈 / 返岗背奶效率妈妈 / 高频泵奶复购家庭,理性比较型（Ozon/Wildberries/Yandex + 本土连锁 + 孕妈社群 + 医疗与喂养指南）,RUB 单位下中低价位电动/便携双边常见；促销券、返现与节庆档更敏感；重视技术参数与售后稳定性。,中,中,高,Medela/Philips 等国际牌与本土高信任入口评价强绑定；本土品牌也有一定认知,Ozon、Wildberries、Yandex Market、药房与母婴连锁、官方旗舰店,采用「入门单边 RUB 带 + 中价电动双边 + 节庆券/返现叠加」结构；用 Ozon/Wildberries 星级页做参数与物流对照。,促销倒计时+券+套装；先堆长评与对比表再放量。,主机+储奶袋/消毒清洗/护罩适配件,储奶袋、清洗用品、券包说明,照搬波兰/中东欧语料、把欧元/美元语境直接平移、或只报抽象口碑不落地到本地转化入口。,俄罗斯已形成 Ozon/Wildberries+本土母婴媒体+VK 妈妈群证据链，可作为中东欧理性比较区扩展样本并入（语料与渠道与波兰/中东欧分离）。
立陶宛,中东欧理性比较区,中,吸奶器,"【VOC聚合·待业务审核】国际（VOC提及候选）：Medela, Lansinoh, Medela 等（检索意图）, Philips Avent, NUK 等（以主题内讨论为准）, Philips Avent 可穿戴, Philips Avent 等（以清单为准）；本土/其他（VOC提及候选）：Baboo, žindymas, pientraukis（语境相关, 以帖子为准）, 电动","【VOC聚合·待业务审核】Philips Avent, Lansinoh",P0,产后建奶新手妈妈 / 返岗背奶效率妈妈 / 高频泵奶复购家庭,理性比较型（Pigu/Varle + 本土连锁 + 孕妈社群 + 医疗与喂养指南）,EUR 单位下中低价位电动/便携双边常见；促销券、返现与节庆档更敏感；与中东欧国家一样重视技术参数与售后稳定性。,中,中,高,Medela/Philips 等国际牌与本土高信任入口评价强绑定,Pigu、Varle、Eurovaistine 药房、官方旗舰店与大型平台,采用「入门单边 EUR 带 + 中价电动双边 + 节庆券/返现叠加」结构；用 Pigu/Varle 星级页做参数与物流对照。,促销倒计时+券+套装；先堆长评与对比表再放量。,主机+储奶袋/消毒清洗/护罩适配件,储奶袋、清洗用品、券包说明,照搬波兰/拉脱维亚语料、把英镑语境直接平移、或只报抽象口碑不落地到本地转化入口。,立陶宛已形成 Pigu/Varle+本土母婴媒体+Facebook 妈妈群证据链，可作为中东欧理性比较区扩展样本并入（语料与渠道与波兰/拉脱维亚分离）。
捷克,中东欧理性比较区,中,吸奶器,"【VOC聚合·待业务审核】国际（VOC提及候选）：Medela, Philips Avent, Spectra, Philips, Spectra 等（以搜索结果置顶为准）；本土/其他（VOC提及候选）：elektrické, manuální 产品线（以类目为准）, obecné typy odsávaček, kojení",【VOC聚合·待业务审核】Philips Avent,P0,产后建奶新手妈妈 / 返岗背奶效率妈妈 / 高频泵奶复购家庭,理性比较型（Alza/Mall/Heureka + 本土连锁 + 孕妈社群 + 医疗与喂养指南）,CZK 单位下中低价位电动/便携双边常见；促销券、返现与节庆档更敏感；与中东欧国家一样重视技术参数与售后稳定性。,中,中,高,Medela/Philips 等国际牌与本土高信任入口评价强绑定,Alza、Mall、Heureka、药房与母婴连锁、官方旗舰店,采用「入门单边 CZK 带 + 中价电动双边 + 节庆券/返现叠加」结构；用 Alza/Mall/Heureka 星级页做参数与物流对照。,促销倒计时+券+套装；先堆长评与对比表再放量。,主机+储奶袋/消毒清洗/护罩适配件,储奶袋、清洗用品、券包说明,照搬波兰/斯洛伐克语料、把欧元/英镑语境直接平移、或只报抽象口碑不落地到本地转化入口。,捷克已形成 Alza/Mall+本土母婴媒体+Facebook 妈妈群证据链，可作为中东欧理性比较区扩展样本并入。
阿尔巴尼亚,中东欧理性比较区,中低,吸奶器,"【VOC聚合·待业务审核】国际（VOC提及候选）：NUK Luna Electric Breast Pump；本土/其他（VOC提及候选）：electric pump, breast pump, Megatek breast pump category, Cangaroo manual breast pump, Neno Uno Electric Breast Pump, breastfeeding support, public health, manual",【VOC聚合·待业务审核】（无有效型号词，请人工维护）,P1,产后建奶新手妈妈 / 返岗背奶效率妈妈 / 高频泵奶复购家庭,理性比较型,ALL 单位下中低价位电动/便携双边常见；促销券、返现与节庆档更敏感。,中,中,高,国际牌与本土口碑入口评价强绑定,Megatek、Neptun、Gjirafa、药房与母婴连锁,采用「入门单边 ALL 带 + 中价电动双边 + 节庆券/返现叠加」结构。,促销倒计时+券+套装；先堆长评与对比表再放量。,主机+储奶袋/消毒清洗,储奶袋、清洗用品,照搬其他巴尔干语料、把欧元语境直接平移、或只报抽象口碑不落地到本地转化入口。,阿尔巴尼亚已形成本土电商+FB群证据链。
科索沃,中东欧理性比较区,中低,吸奶器,"【VOC聚合·待业务审核】国际（VOC提及候选）：Medela, Philips, Philips Avent 品牌语境（以站点导航为准）；本土/其他（VOC提及候选）：多数群组需登录）, 混合结果（电商, 媒体, 论坛）, 健康与生活方式稿（待站内检索对齐泵题）, 综合新闻语境（泵题需检索）",【VOC聚合·待业务审核】Philips Avent,P1,产后建奶新手妈妈 / 返岗背奶效率妈妈 / 高频泵奶复购家庭,理性比较型,EUR 单位下中低价位常见,中,中,高,国际牌与本土口碑强绑定,Gjirafa50、药房与母婴连锁,入门+节庆券,倒计时+套装,主机+储奶袋,储奶袋、清洗用品,照搬其他巴尔干语料。,科索沃已形成Gjirafa50+FB群证据链
克罗地亚,中东欧理性比较区,中,吸奶器,"【VOC聚合·待业务审核】国际（VOC提及候选）：Medela, Philips Avent, Avent, Lansinoh；本土/其他（VOC提及候选）：多数群组需登录）, elektricne, 混合结果（电商, 媒体, forum, brand）","【VOC聚合·待业务审核】Lansinoh, Philips Avent",P1,产后建奶新手妈妈 / 返岗背奶效率妈妈 / 高频泵奶复购家庭,理性比较型,EUR 单位下中价位常见,中,中,高,国际牌与本土口碑强绑定,Mall、Nabava、药房与母婴连锁,入门+节庆券,倒计时+套装,主机+储奶袋,储奶袋、清洗用品,照搬塞尔维亚/斯洛文尼亚语料。,克罗地亚已形成Mall/Nabava+FB群证据链
乌兹别克斯坦,中东欧理性比较区,中低,吸奶器,"【VOC聚合·待业务审核】国际（VOC提及候选）：Medela, PhilipsPhilips Avent, Philips Avent；本土/其他（VOC提及候选）：YUAAN 555（PDP 卖家名, 见页面）, BreastMilkBasics（频道）, review, hands-free 语境, wearable pump, 本地妈妈群语境, 品牌与型号待具体帖文复核","【VOC聚合·待业务审核】Philips Avent, Medela Swing",P1,产后建奶新手妈妈 / 返岗背奶效率妈妈 / 高频泵奶复购家庭,理性比较型,UZS 单位下中低价位常见,中,中,高,国际牌与本土口碑强绑定,Uzum、OLX、药房与母婴连锁,入门+节庆券,倒计时+套装,主机+储奶袋,储奶袋、清洗用品,照搬俄语/其他中亚语料。,乌兹别克斯坦已形成Uzum/OLX+FB/Telegram证据链
南非,非洲英语区,中,吸奶器,"【VOC聚合·待业务审核】国际（VOC提及候选）：Medela, Philips, Tommee Tippee 等（以货架为准）, NUK；本土/其他（VOC提及候选）：pumping, exclusive pumping, wearable pumps, breastfeeding, breast pump, electric, wearable, flange sizing 等主题",【VOC聚合·待业务审核】Philips Avent,P1,产后建奶新手妈妈 / 返岗背奶效率妈妈 / 高频泵奶复购家庭,理性比较型,ZAR 单位下手动入门/单电中价/双边中高常见,中,中,高,Philips/Medela/Lansinoh与本土高信任口碑绑定,Takealot、Baby City、品牌官网、药房,入门手动+中价单电+品牌双边分层,节点促销+套装+配件组合,主机+储奶袋,储奶袋、清洗用品,照搬欧美高购买力打法、忽略本地零售与返岗场景。,南非已形成Takealot/Baby City+FB群证据链
黎巴嫩,MENA阿语区,中,吸奶器,"【VOC聚合·待业务审核】国际（VOC提及候选）：Medela, Philips Avent；本土/其他（VOC提及候选）：breast pump, Babyono, breastfeeding week, awareness, breastfeeding, مضخة, wearable（检索词聚合）, review",【VOC聚合·待业务审核】Philips Avent,P1,产后建奶新手妈妈 / 返岗背奶效率妈妈 / 高频泵奶复购家庭,理性比较型,USD/LBP双轨下中价位常见，进口品牌溢价可接受,中,中,高,Lansinoh/Medela/Philips与本土医疗支持绑定,Beytech、Mamas & Papas、药房、医院渠道,入门手动+中价单电+进口品牌双边分层,节点促销+医院渠道合作+配件组合,主机+储奶袋,储奶袋、清洗用品,照搬海湾高购买力打法、忽略经济波动与双语路径。,黎巴嫩已形成医院/药房+品牌零售+FB群证据链
美国,北美,高,吸奶器,"【VOC聚合·待业务审核】国际（VOC提及候选）：Spectra S2 Plus, Momcozy M9, Elvie, Willow, Spectra, Spectra S2；本土/其他（VOC提及候选）：M5, Motif Medical Aura Glow, Evenflo Advanced Double Electric, breast pump guide（泛品牌）, Zomee Z2","【VOC聚合·待业务审核】Spectra S2, Spectra S1",P0,产后建奶新手妈妈 / 返岗背奶效率妈妈 / 高频泵奶复购家庭,高信任内容/社区 + 电商评价对照 + 促销节点（以本地平台为准）,以本币价带做对比；关注优惠券/套装/赠品与售后透明度（促销敏感：中）。,中,中,高,国际品牌背书 + 真实长评 + 配件/售后可得,本地电商/连锁零售 + 评价区 + 社群口碑,按价带分层：入门/中价/升级；用电商评价做参数与售后对照。,节点用券/套装/赠品；先补长评与对比表再放量。,主机+储奶袋/清洗消毒/护罩适配件,储奶袋、清洗用品、券包说明,照搬其他国家的渠道/语言素材，不做本地电商入口与平台语境校准。,美国 TOP20 二次升级：以统计/权威/社区/电商 URL 证据链补齐并入。
英国,英语成熟市场,高,吸奶器,"【VOC聚合·待业务审核】国际（VOC提及候选）：Elvie, Elvie（可穿戴吸奶器线）, Medela；本土/其他（VOC提及候选）：breast pump, wearable, 无单一商业品牌, 含哺乳支持文章列表, 多品牌吸奶器（以类目列表为准）, 含子专题入口（含 expressing 相关链接）, 区分 manual, electric pump",【VOC聚合·待业务审核】（无有效型号词，请人工维护）,P0,产后建奶新手妈妈 / 返岗背奶效率妈妈 / 高频泵奶复购家庭,高信任内容/社区 + 电商评价对照 + 促销节点（以本地平台为准）,以本币价带做对比；关注优惠券/套装/赠品与售后透明度（促销敏感：中）。,中,中,高,国际品牌背书 + 真实长评 + 配件/售后可得,本地电商/连锁零售 + 评价区 + 社群口碑,按价带分层：入门/中价/升级；用电商评价做参数与售后对照。,节点用券/套装/赠品；先补长评与对比表再放量。,主机+储奶袋/清洗消毒/护罩适配件,储奶袋、清洗用品、券包说明,照搬其他国家的渠道/语言素材，不做本地电商入口与平台语境校准。,英国 TOP20 二次升级：以统计/权威/社区/电商 URL 证据链补齐并入。
德国,德语区,高,吸奶器,"【VOC聚合·待业务审核】国际（VOC提及候选）：Medela Swing Maxi Hands-free, Medela Magic InBra, Momcozy M5；本土/其他（VOC提及候选）：FluidFeel Technology, Hebamme, Rezept","【VOC聚合·待业务审核】Medela Freestyle, Medela Swing, Philips Avent",P1,产后建奶新手妈妈 / 返岗背奶效率妈妈 / 高频泵奶复购家庭,高信任内容/社区 + 电商评价对照 + 促销节点（以本地平台为准）,以本币价带做对比；关注优惠券/套装/赠品与售后透明度（促销敏感：中）。,中,中,高,国际品牌背书 + 真实长评 + 配件/售后可得,本地电商/连锁零售 + 评价区 + 社群口碑,按价带分层：入门/中价/升级；用电商评价做参数与售后对照。,节点用券/套装/赠品；先补长评与对比表再放量。,主机+储奶袋/清洗消毒/护罩适配件,储奶袋、清洗用品、券包说明,照搬其他国家的渠道/语言素材，不做本地电商入口与平台语境校准。,德国 TOP20 二次升级：以统计/权威/社区/电商 URL 证据链补齐并入。
法国,法语区,高,吸奶器,"【VOC聚合·待业务审核】国际（VOC提及候选）：Spectra, Medela；本土/其他（VOC提及候选）：tire-lait, allaitement, tire-lait（需点进线程）, 手动, 电动, 双泵, 储存与清洁（以专题正文为准）, 租赁",【VOC聚合·待业务审核】（无有效型号词，请人工维护）,P1,产后建奶新手妈妈 / 返岗背奶效率妈妈 / 高频泵奶复购家庭,高信任内容/社区 + 电商评价对照 + 促销节点（以本地平台为准）,以本币价带做对比；关注优惠券/套装/赠品与售后透明度（促销敏感：中）。,中,中,高,国际品牌背书 + 真实长评 + 配件/售后可得,本地电商/连锁零售 + 评价区 + 社群口碑,按价带分层：入门/中价/升级；用电商评价做参数与售后对照。,节点用券/套装/赠品；先补长评与对比表再放量。,主机+储奶袋/清洗消毒/护罩适配件,储奶袋、清洗用品、券包说明,照搬其他国家的渠道/语言素材，不做本地电商入口与平台语境校准。,法国 TOP20 二次升级：以统计/权威/社区/电商 URL 证据链补齐并入。
澳大利亚,英语成熟市场,高,吸奶器,"【VOC聚合·待业务审核】国际（VOC提及候选）：Medela, Spectra, Spectra S2, Ardo Calypso, Spectra S2+；本土/其他（VOC提及候选）：breast pump, New Beginnings, review（结果列表随算法变化）, single electric breast pump, 含手挤, 手动泵, 电动泵等方法叙述","【VOC聚合·待业务审核】Spectra S2, Medela Swing, Haakaa",P1,产后建奶新手妈妈 / 返岗背奶效率妈妈 / 高频泵奶复购家庭,高信任内容/社区 + 电商评价对照 + 促销节点（以本地平台为准）,以本币价带做对比；关注优惠券/套装/赠品与售后透明度（促销敏感：中）。,中,中,高,国际品牌背书 + 真实长评 + 配件/售后可得,本地电商/连锁零售 + 评价区 + 社群口碑,按价带分层：入门/中价/升级；用电商评价做参数与售后对照。,节点用券/套装/赠品；先补长评与对比表再放量。,主机+储奶袋/清洗消毒/护罩适配件,储奶袋、清洗用品、券包说明,照搬其他国家的渠道/语言素材，不做本地电商入口与平台语境校准。,澳大利亚 TOP20 二次升级：以统计/权威/社区/电商 URL 证据链补齐并入。
加拿大,北美,高,吸奶器,"【VOC聚合·待业务审核】国际（VOC提及候选）：Medela, Spectra；本土/其他（VOC提及候选）：tire-lait, breast pump, 电动泵, 吸奶器与喂养配件（以类目列表为准）, 以西海岸门店, 线上列表为准",【VOC聚合·待业务审核】（无有效型号词，请人工维护）,P2,产后建奶新手妈妈 / 返岗背奶效率妈妈 / 高频泵奶复购家庭,高信任内容/社区 + 电商评价对照 + 促销节点（以本地平台为准）,以本币价带做对比；关注优惠券/套装/赠品与售后透明度（促销敏感：中）。,中,中,高,国际品牌背书 + 真实长评 + 配件/售后可得,本地电商/连锁零售 + 评价区 + 社群口碑,按价带分层：入门/中价/升级；用电商评价做参数与售后对照。,节点用券/套装/赠品；先补长评与对比表再放量。,主机+储奶袋/清洗消毒/护罩适配件,储奶袋、清洗用品、券包说明,照搬其他国家的渠道/语言素材，不做本地电商入口与平台语境校准。,加拿大 TOP20 二次升级：以统计/权威/社区/电商 URL 证据链补齐并入。
西班牙,西语区,中,吸奶器,"【VOC聚合·待业务审核】国际（VOC提及候选）：Medela, Spectra；本土/其他（VOC提及候选）：sacaleches, embarazo, 电动泵, 含 OMS, 临床与服务体系语境, 手动, 电动, 双头价位区间与 AEP 指南引用语境（以正文为准）",【VOC聚合·待业务审核】Philips Avent,P2,产后建奶新手妈妈 / 返岗背奶效率妈妈 / 高频泵奶复购家庭,高信任内容/社区 + 电商评价对照 + 促销节点（以本地平台为准）,以本币价带做对比；关注优惠券/套装/赠品与售后透明度（促销敏感：中）。,中,中,高,国际品牌背书 + 真实长评 + 配件/售后可得,本地电商/连锁零售 + 评价区 + 社群口碑,按价带分层：入门/中价/升级；用电商评价做参数与售后对照。,节点用券/套装/赠品；先补长评与对比表再放量。,主机+储奶袋/清洗消毒/护罩适配件,储奶袋、清洗用品、券包说明,照搬其他国家的渠道/语言素材，不做本地电商入口与平台语境校准。,西班牙 TOP20 二次升级：以统计/权威/社区/电商 URL 证据链补齐并入。
墨西哥,西语区,中,吸奶器,"【VOC聚合·待业务审核】国际（VOC提及候选）：Philips Avent, Momcozy, Medela, Avent, Medela Harmony, Medela accessories, Pigeon portátil, Philips Avent Manual；本土/其他（VOC提及候选）：manual, extractor eléctrico","【VOC聚合·待业务审核】Philips Avent, Lansinoh, Pump in Style, Medela Swing, Spectra S2, Elvie Pump, Willow Go, Spectra S1, Medela Freestyle",P2,产后建奶新手妈妈 / 返岗背奶效率妈妈 / 高频泵奶复购家庭,高信任内容/社区 + 电商评价对照 + 促销节点（以本地平台为准）,以本币价带做对比；关注优惠券/套装/赠品与售后透明度（促销敏感：高）。,中,中,高,国际品牌背书 + 真实长评 + 配件/售后可得,本地电商/连锁零售 + 评价区 + 社群口碑,按价带分层：入门/中价/升级；用电商评价做参数与售后对照。,节点用券/套装/赠品；先补长评与对比表再放量。,主机+储奶袋/清洗消毒/护罩适配件,储奶袋、清洗用品、券包说明,照搬其他国家的渠道/语言素材，不做本地电商入口与平台语境校准。,墨西哥 TOP20 二次升级：以统计/权威/社区/电商 URL 证据链补齐并入。
阿联酋,海湾阿语区,高,吸奶器,"【VOC聚合·待业务审核】国际（VOC提及候选）：MomCozy（商品页）, Medela Harmony（列表卡）, Medela, MomCozy；本土/其他（VOC提及候选）：（无）, breast pump, wearable, 多品牌吸奶器（以类目列表为准）, شفاط حليب, مضخة（文章列表聚合）, مضخة الثدي, شفاط（站内检索与栏目聚合）",【VOC聚合·待业务审核】（无有效型号词，请人工维护）,P2,产后建奶新手妈妈 / 返岗背奶效率妈妈 / 高频泵奶复购家庭,高信任内容/社区 + 电商评价对照 + 促销节点（以本地平台为准）,以本币价带做对比；关注优惠券/套装/赠品与售后透明度（促销敏感：中）。,中,中,高,国际品牌背书 + 真实长评 + 配件/售后可得,本地电商/连锁零售 + 评价区 + 社群口碑,按价带分层：入门/中价/升级；用电商评价做参数与售后对照。,节点用券/套装/赠品；先补长评与对比表再放量。,主机+储奶袋/清洗消毒/护罩适配件,储奶袋、清洗用品、券包说明,只做英语口径不补阿语入口，或把 UAE 与沙特直接混用。,阿联酋 TOP20 二次升级：以统计/权威/社区/电商 URL 证据链补齐并入。
沙特阿拉伯,海湾阿语区,高,吸奶器,"【VOC聚合·待业务审核】国际（VOC提及候选）：Medela, Spectra, Momcozy, MomCozy, Momcozy V1, Spectra S2 Plus 等（榜单含电动吸奶器类目）, Chicco, Philips Avent；本土/其他（VOC提及候选）：wearable pumps, Farlin","【VOC聚合·待业务审核】Medela Swing, Spectra S2, Philips Avent",P2,产后建奶新手妈妈 / 返岗背奶效率妈妈 / 高频泵奶复购家庭,高信任内容/社区 + 电商评价对照 + 促销节点（以本地平台为准）,以本币价带做对比；关注优惠券/套装/赠品与售后透明度（促销敏感：中）。,中,中,高,国际品牌背书 + 真实长评 + 配件/售后可得,本地电商/连锁零售 + 评价区 + 社群口碑,按价带分层：入门/中价/升级；用电商评价做参数与售后对照。,节点用券/套装/赠品；先补长评与对比表再放量。,主机+储奶袋/清洗消毒/护罩适配件,储奶袋、清洗用品、券包说明,只做英语口径不补阿语入口，或把 UAE 与沙特直接混用。,沙特阿拉伯 TOP20 二次升级：以统计/权威/社区/电商 URL 证据链补齐并入。
中国,东亚高内容驱动区,中,吸奶器,"【VOC聚合·待业务审核】国际（VOC提及候选）：Pigeon, 贝亲；本土/其他（VOC提及候选）：新贝, 小白熊, 新贝8782, 新贝双边吸奶器, 新贝8775PP 等, 吸奶器选购原则（泛品牌）, 多款热门机型（文中展开）, 好孩子",【VOC聚合·待业务审核】（无有效型号词，请人工维护）,P2,产后建奶新手妈妈 / 返岗背奶效率妈妈 / 高频泵奶复购家庭,高信任内容/社区 + 电商评价对照 + 促销节点（以本地平台为准）,以本币价带做对比；关注优惠券/套装/赠品与售后透明度（促销敏感：高）。,中,中,高,国际品牌背书 + 真实长评 + 配件/售后可得,本地电商/连锁零售 + 评价区 + 社群口碑,按价带分层：入门/中价/升级；用电商评价做参数与售后对照。,节点用券/套装/赠品；先补长评与对比表再放量。,主机+储奶袋/清洗消毒/护罩适配件,储奶袋、清洗用品、券包说明,照搬欧美论坛叙事，忽视内容平台种草→站内搜索→评价区验证的闭环。,中国 TOP20 二次升级：以统计/权威/社区/电商 URL 证据链补齐并入。
意大利,南欧生活方式区,中,吸奶器,"【VOC聚合·待业务审核】国际（VOC提及候选）：Medela, Spectra, MomCozy 等（以讨论帖为准；本土/其他（VOC提及候选）：tiralatte, consigli（以栏目与稿件为准）, 待下钻）, 手动","【VOC聚合·待业务审核】Lansinoh, Philips Avent, Medela Swing",P2,产后建奶新手妈妈 / 返岗背奶效率妈妈 / 高频泵奶复购家庭,高信任内容/社区 + 电商评价对照 + 促销节点（以本地平台为准）,以本币价带做对比；关注优惠券/套装/赠品与售后透明度（促销敏感：中）。,中,中,高,国际品牌背书 + 真实长评 + 配件/售后可得,本地电商/连锁零售 + 评价区 + 社群口碑,按价带分层：入门/中价/升级；用电商评价做参数与售后对照。,节点用券/套装/赠品；先补长评与对比表再放量。,主机+储奶袋/清洗消毒/护罩适配件,储奶袋、清洗用品、券包说明,照搬其他国家的渠道/语言素材，不做本地电商入口与平台语境校准。,意大利 TOP20 二次升级：以统计/权威/社区/电商 URL 证据链补齐并入。
马来西亚,东南亚移动社媒区,中,吸奶器,"【VOC聚合·待业务审核】本土/其他（VOC提及候选）：wearable, breast pump, hands-free, Mama's Choice, Hegen, electric breast pump, Phanpy, E-Rosy",【VOC聚合·待业务审核】（无有效型号词，请人工维护）,P2,产后建奶新手妈妈 / 返岗背奶效率妈妈 / 高频泵奶复购家庭,高信任内容/社区 + 电商评价对照 + 促销节点（以本地平台为准）,以本币价带做对比；关注优惠券/套装/赠品与售后透明度（促销敏感：高）。,中,中,高,国际品牌背书 + 真实长评 + 配件/售后可得,本地电商/连锁零售 + 评价区 + 社群口碑,按价带分层：入门/中价/升级；用电商评价做参数与售后对照。,节点用券/套装/赠品；先补长评与对比表再放量。,主机+储奶袋/清洗消毒/护罩适配件,储奶袋、清洗用品、券包说明,照搬其他国家的渠道/语言素材，不做本地电商入口与平台语境校准。,马来西亚 TOP20 二次升级：以统计/权威/社区/电商 URL 证据链补齐并入。
奥地利,德语区,高,吸奶器,"【VOC聚合·待业务审核】国际（VOC提及候选）：Medela, Philips Avent, Momcozy, Medela（检索意图）, Ardo 等（以线程为准）, NUK 等（以搜索结果为准）, Medela 系列（以搜索结果为准）, Ardo；本土/其他（VOC提及候选）：（公共健康语境, 无单一商业型号测评）, 无品牌）","【VOC聚合·待业务审核】Philips Avent, Haakaa, Medela Freestyle",P2,产后建奶新手妈妈 / 返岗背奶效率妈妈 / 高频泵奶复购家庭,高信任内容/社区 + 电商评价对照 + 促销节点（以本地平台为准）,以本币价带做对比；关注优惠券/套装/赠品与售后透明度（促销敏感：中）。,中,中,高,国际品牌背书 + 真实长评 + 配件/售后可得,本地电商/连锁零售 + 评价区 + 社群口碑,按价带分层：入门/中价/升级；用电商评价做参数与售后对照。,节点用券/套装/赠品；先补长评与对比表再放量。,主机+储奶袋/清洗消毒/护罩适配件,储奶袋、清洗用品、券包说明,照搬其他国家的渠道/语言素材，不做本地电商入口与平台语境校准。,奥地利 TOP20 二次升级：以统计/权威/社区/电商 URL 证据链补齐并入。
越南,东南亚移动社媒区,中,吸奶器,"【VOC聚合·待业务审核】国际（VOC提及候选）：Medela；本土/其他（VOC提及候选）：máy hút sữa, hands-free, eufy, nuôi con bằng sữa mẹ, pumping, 多品牌双电动（以正文为准）, Pump In Style, 选购维度（舒适度",【VOC聚合·待业务审核】Pump in Style,P2,产后建奶新手妈妈 / 返岗背奶效率妈妈 / 高频泵奶复购家庭,高信任内容/社区 + 电商评价对照 + 促销节点（以本地平台为准）,以本币价带做对比；关注优惠券/套装/赠品与售后透明度（促销敏感：高）。,中,中,高,国际品牌背书 + 真实长评 + 配件/售后可得,本地电商/连锁零售 + 评价区 + 社群口碑,按价带分层：入门/中价/升级；用电商评价做参数与售后对照。,节点用券/套装/赠品；先补长评与对比表再放量。,主机+储奶袋/清洗消毒/护罩适配件,储奶袋、清洗用品、券包说明,照搬其他国家的渠道/语言素材，不做本地电商入口与平台语境校准。,越南 TOP20 二次升级：以统计/权威/社区/电商 URL 证据链补齐并入。
波兰,中东欧理性比较区,中,吸奶器,"【VOC聚合·待业务审核】国际（VOC提及候选）：Medela, Lansinoh, Philips AVENT, Lansinoh（2 w 1, Philips AVENT SCD553；本土/其他（VOC提及候选）：待浏览器态核对完整 tytuł（用户指定 ID）, 待 PDP 完整 tytuł 核对, laktator elektryczny, laktator（标签）, InnoGIO, Neno 等（榜单内嵌链接）, podwójny）","【VOC聚合·待业务审核】Philips Avent, Lansinoh, Medela Swing",P2,产后建奶新手妈妈 / 返岗背奶效率妈妈 / 高频泵奶复购家庭,高信任内容/社区 + 电商评价对照 + 促销节点（以本地平台为准）,以本币价带做对比；关注优惠券/套装/赠品与售后透明度（促销敏感：高）。,中,中,高,国际品牌背书 + 真实长评 + 配件/售后可得,本地电商/连锁零售 + 评价区 + 社群口碑,按价带分层：入门/中价/升级；用电商评价做参数与售后对照。,节点用券/套装/赠品；先补长评与对比表再放量。,主机+储奶袋/清洗消毒/护罩适配件,储奶袋、清洗用品、券包说明,照搬其他国家的渠道/语言素材，不做本地电商入口与平台语境校准。,波兰 TOP20 二次升级：以统计/权威/社区/电商 URL 证据链补齐并入。
菲律宾,东南亚移动社媒区,中,吸奶器,"【VOC聚合·待业务审核】国际（VOC提及候选）：Spectra 9s, Philips Avent, Haakaa；本土/其他（VOC提及候选）：breast pump, Real Bubee, pumping, hands-free, breastfeeding, electric, double, double electric","【VOC聚合·待业务审核】Philips Avent, Haakaa",P2,产后建奶新手妈妈 / 返岗背奶效率妈妈 / 高频泵奶复购家庭,高信任内容/社区 + 电商评价对照 + 促销节点（以本地平台为准）,以本币价带做对比；关注优惠券/套装/赠品与售后透明度（促销敏感：高）。,中,中,高,国际品牌背书 + 真实长评 + 配件/售后可得,本地电商/连锁零售 + 评价区 + 社群口碑,按价带分层：入门/中价/升级；用电商评价做参数与售后对照。,节点用券/套装/赠品；先补长评与对比表再放量。,主机+储奶袋/清洗消毒/护罩适配件,储奶袋、清洗用品、券包说明,照搬其他国家的渠道/语言素材，不做本地电商入口与平台语境校准。,菲律宾 TOP20 二次升级：以统计/权威/社区/电商 URL 证据链补齐并入。
泰国,东南亚移动社媒区,中,吸奶器,"【VOC聚合·待业务审核】国际（VOC提及候选）：Philips Avent, Medela（以站点导航为准）；本土/其他（VOC提及候选）：breast pump, นมแม่, pumping, hands-free, Premium Plus, Attitude Mom, Galaxy III, parents",【VOC聚合·待业务审核】Philips Avent,P2,产后建奶新手妈妈 / 返岗背奶效率妈妈 / 高频泵奶复购家庭,高信任内容/社区 + 电商评价对照 + 促销节点（以本地平台为准）,以本币价带做对比；关注优惠券/套装/赠品与售后透明度（促销敏感：高）。,中,中,高,国际品牌背书 + 真实长评 + 配件/售后可得,本地电商/连锁零售 + 评价区 + 社群口碑,按价带分层：入门/中价/升级；用电商评价做参数与售后对照。,节点用券/套装/赠品；先补长评与对比表再放量。,主机+储奶袋/清洗消毒/护罩适配件,储奶袋、清洗用品、券包说明,照搬其他国家的渠道/语言素材，不做本地电商入口与平台语境校准。,泰国 TOP20 二次升级：以统计/权威/社区/电商 URL 证据链补齐并入。
荷兰,西欧理性实用区,高,吸奶器,"【VOC聚合·待业务审核】国际（VOC提及候选）：Medela, Elvie, Medela Swing Maxi, Elvie Pump Double, Philips Avent；本土/其他（VOC提及候选）：borstvoeding, kolven, consultatiebureau, Difrax, borstkolf, tweedehands borstkolf, hygiëne","【VOC聚合·待业务审核】Philips Avent, Medela Swing, Medela Freestyle, Elvie Pump",P2,产后建奶新手妈妈 / 返岗背奶效率妈妈 / 高频泵奶复购家庭,高信任内容/社区 + 电商评价对照 + 促销节点（以本地平台为准）,以本币价带做对比；关注优惠券/套装/赠品与售后透明度（促销敏感：中）。,中,中,高,国际品牌背书 + 真实长评 + 配件/售后可得,本地电商/连锁零售 + 评价区 + 社群口碑,按价带分层：入门/中价/升级；用电商评价做参数与售后对照。,节点用券/套装/赠品；先补长评与对比表再放量。,主机+储奶袋/清洗消毒/护罩适配件,储奶袋、清洗用品、券包说明,照搬其他国家的渠道/语言素材，不做本地电商入口与平台语境校准。,荷兰 TOP20 二次升级：以统计/权威/社区/电商 URL 证据链补齐并入。
比利时,法语区,高,吸奶器,"【VOC聚合·待业务审核】国际（VOC提及候选）：Spectra, Ardo, Medela, Philips, Philips Avent 等（以栏目为准）；本土/其他（VOC提及候选）：tire-lait, borstkolf, 测评选题（以首页与栏目为准）, 返岗泵奶, 机型对比（需点进线程）",【VOC聚合·待业务审核】Philips Avent,P2,产后建奶新手妈妈 / 返岗背奶效率妈妈 / 高频泵奶复购家庭,高信任内容/社区 + 电商评价对照 + 促销节点（以本地平台为准）,以本币价带做对比；关注优惠券/套装/赠品与售后透明度（促销敏感：中）。,中,中,高,国际品牌背书 + 真实长评 + 配件/售后可得,本地电商/连锁零售 + 评价区 + 社群口碑,按价带分层：入门/中价/升级；用电商评价做参数与售后对照。,节点用券/套装/赠品；先补长评与对比表再放量。,主机+储奶袋/清洗消毒/护罩适配件,储奶袋、清洗用品、券包说明,照搬其他国家的渠道/语言素材，不做本地电商入口与平台语境校准。,比利时 TOP20 二次升级：以统计/权威/社区/电商 URL 证据链补齐并入。
危地马拉,西语区,中低,吸奶器,"【VOC聚合·待业务审核】国际（VOC提及候选）：Medela, Philips Avent；本土/其他（VOC提及候选）：lactancia, sacaleches, extractor, 多品牌测评, 开箱, extractor eléctrico, 电动",【VOC聚合·待业务审核】Philips Avent,P0,产后建奶新手妈妈 / 返岗背奶效率妈妈 / 高频泵奶复购家庭,社媒口碑 + 电商促销 + 连锁零售对照（拉美西语区典型链路）,以 GTQ 价位带做性价比比较；更敏感于节庆/平台券、组合购与到货速度；偏好可快速找到耗材与配件的品牌。,高,高,高,国际品牌背书 + 评价可验证 + 配件可得（耗材/罩杯/替换件）,Cemaco / Pacifiko / 本地连锁零售线上入口 + Facebook 妈妈群口碑,用 GTQ 价带做“入门手动/单边 + 中价电动 + 返岗便携”三级结构；把“耗材/配件可得+保修”作为核心转化保障。,节点以券/套装/赠品为主；先堆西语长评与对比帖，再用限时券放量。,主机+储奶袋/清洗消毒+护罩适配件（强调耗材可得）,储奶袋、清洗刷、替换阀/罩杯券包说明,直接照搬墨西哥/西班牙语料而不落到危地马拉的本地转化入口（Cemaco/Pacifiko/连锁零售）与 GTQ 价位语境。,危地马拉适合作为西语区候选池补齐样本并入；需以 Cemaco/Pacifiko/Walmart 等真实转化入口与 FB 群口碑共同校准。
柬埔寨,东南亚移动社媒区,中低,喂养电器,【品类参考·待业务按国别审核】国际：Philips Avent、Tommee Tippee、Dr. Brown's、Chicco、Baby Brezza 等（温奶/消毒/辅食制备类） | 本土：请按该国零售与 VOC 补充,系列级型号需结合该国 PDP 与评论共现核对后填写（如消毒锅、温奶器、辅食机具体 SKU）。,P0,夜奶减负新生儿家庭 / 辅食过渡阶段家庭 / 卫生焦虑型精细育儿家庭,移动社媒口碑 + 电商到手价/运费 + 实操教程（东南亚移动社媒区）,以 KHR 价位带做“到手价”比较，敏感于运费、赠品与节庆档直播券；更关注“消毒/暖奶是否真的省事、是否好洗”。,高,高,高,安全认证清晰 + 易清洗耐用 + 评价可验证（本地母婴店/电商）,本地母婴电商（BabyCare / BabyWorld）+ 综合电商（Prek Market）+ Facebook 社群口碑,按功能做入门/升级分层：基础暖奶/消毒 → 多功能一体机；强调“到手价、运费、赠品”，并用教程降低新手焦虑。,节点用店铺券/直播券/套装；以“夜奶省时”脚本承接到站内商品页评价与FAQ。,消毒/暖奶核心机 + 奶瓶清洁/替换耗材（突出夜奶省时）,清洗刷/夹子/备用配件、券包与运费减免,把新加坡/马来西亚的高客单价语境直接平移到柬埔寨，不做 KHR 到手价与运费/赠品敏感点校准。,柬埔寨喂养电器需要以“夜奶省时+易清洗+到手价透明”驱动转化；本地母婴电商与 FB 群口碑可快速形成闭环并入。
科威特,海湾阿语区,高,吸奶器,P1,产后建奶新手妈妈 / 返岗背奶效率妈妈 / 高频泵奶复购家庭,高端/礼赠分层型,高端客群看 hands-free / 品牌 / 舒适度；务实客群看双边电动到手价、wearable 便利性与 closed system,高,高,中高,国际品牌 + 专业母婴支持背书,Mothercare Kuwait / Pharmatee / GCC 电商,做高端与中价双层，并补 wearable 子层。除 60 KWD 双边电动外，本地阿语零售还能看到 28.750 KWD 电动泵、75 KWD 可穿戴泵、85.250 KWD 一体式 wearable，更适合做“入门电动 / wearable / 高端免提”并行。,不宜只打折。应补阿语/英语双语 FAQ、Arabic workshop、支持服务入口和节庆礼盒化表达，再辅以中价带节点优惠。,双边主机+储奶袋/清洗件/礼盒组合,储奶袋、清洗件、礼赠包装,若只讲高端、不解释 support group / workshop / bilingual use case，很容易被视为不接地气；若只打促销，又会削弱安心感。,科威特本地已形成高端 Medela 与中价双边电动并存的价格带，适合做高端安心线与中价效率线双层表达。,,
阿曼,海湾阿语区,中高-高,吸奶器,P1,产后建奶新手妈妈 / 返岗背奶效率妈妈 / 高频泵奶复购家庭,安心支持与效率并重型,先看是否频繁使用，再判断双边、closed system、便携电池是否值得升级,中高,中,中,国际品牌 + 本地母婴零售可得品牌,本地母婴零售 + GCC 电商 + 妈妈社群口碑,阿曼适合按手动/入门单边/高频双边分层。Smart Mom Oman 上 Spectra Dual Compact 为 106 OMR，卖点集中在 dual motors、closed system、battery 与 quiet operation。,弱折扣、强安心说明。优先做医院/哺乳门诊支持、使用场景和卫生闭环解释，而不是一味打高端调性。,双边主机+储奶袋/清洗件/外出配件,储奶袋、清洗件、便携收纳,如果只讲高价和品牌，不解释持续哺乳支持与工作/外出场景，消费者会觉得“贵但不够必要”。,阿曼已形成“官方支持体系 + 本地母婴零售升级款”的结构，适合以医院/哺乳门诊信任 + 双边效率解释高价升级。,,
印尼,东南亚移动社媒区,中,吸奶器,P1,产后建奶新手妈妈 / 返岗背奶效率妈妈 / 高频泵奶复购家庭,工作妈妈效率与性价比平衡型,会比较 hisapan、mesin bandel、sparepart、到手价和长期使用成本,中,中高,高,本地口碑品牌 + 性价比品牌 + 工作妈妈升级款,社区种草 + 平台成交 + 育儿媒体口碑,"印尼要按入门款、耐用中档和 working mom 升级款三段解释。当前社区可见价格从约 Rp124,999 到 Rp999,000+，不是单一低价市场。",不能只打最低价，应突出 durable motor、sparepart easy to find、office pumping rhythm 和长期省心。,主机+阀门/耗材+储奶袋+cooler,阀门、储奶袋、清洁刷,如果忽略耐用性与配件可得性，低价策略很容易被 working mom 社区反噬。,印尼并非只追低价，working mom 更重视 durable motor、sparepart availability 和 office pumping 的长期执行成本。,,
秘鲁,西语区,中低-中,吸奶器,P1,产后建奶新手妈妈 / 返岗背奶效率妈妈 / 高频泵奶复购家庭,返岗务实与分层升级型,先判断使用频率、工作场景和 lactario 条件，再决定是否升级双边电动,中,中,中高,熟悉国际品牌 + 本地零售可得品牌,比价零售 + 品牌教育内容 + 西语论坛/社区验证,秘鲁应按 S/125-S/269 手动、S/699-S/999 中档双边、S/1499 高端双边做分层，并绑定返岗频率解释。,优先做返岗前准备、储奶和 workplace 使用场景，而不是只做价格促销图。,主机+储奶/冷藏配件+返岗工具包,储奶袋、冷藏配件、法兰适配件,如果不结合 lactario、权限和储存规范，价格分层就会变成空泛的“贵/便宜”表达。,秘鲁决策更像“手动/单边/双边按返岗频率分层”，需要把 workplace rights、lactario 和储存规范一起解释。,,
智利,西语区,中低-中,吸奶器,P1,产后建奶新手妈妈 / 返岗背奶效率妈妈 / 高频泵奶复购家庭,返岗务实型,入门 wearable、尺寸适配双边与高端双边差价明显，价格判断必须绑定使用频率,中,中高,中高,熟悉品牌 + 本地专业支持 + 可解释尺寸适配的品牌,Medela Chile / Falabella Chile / 本地母婴零售,"区分入门 wearable、尺寸适配双边与高频高端双边。当前可见 Baby Pollito wearable 99,780、Medela Solo 234,990-241,390、Baby Pollito 双边 279,000、Freestyle Flex 519,900，价格层次更完整。",促销应围绕“返岗前准备套装 + cooler + 储奶袋 + 正确尺寸 + 咨询服务”展开，不宜只打满减或品牌调性。,主机+cooler+储奶袋+尺寸适配件,储奶袋、冷藏配件、法兰适配件,如果不讲工作场景、储存规范、评论反馈和尺寸适配，只讲参数或折扣，很难说服返岗妈妈升级。,智利返岗妈妈会先判断使用频率和冷链准备，再决定是否从入门 hands-free 升级到高价双边机型。,,
新加坡,东南亚移动社媒区,中高,喂养电器,P1,夜奶减负新生儿家庭 / 辅食过渡阶段家庭 / 卫生焦虑型精细育儿家庭,效率与安全平衡型,看功能分层、主流渠道售价、活动价和空间占用；不是单纯最低价,中,中,中,官方品牌 + 主流零售可得品牌,Philips SG / NTUC FairPrice / Lazada SG,把台面式 warmer、warmer+sterilizer、portable warmer、sterilizer dryer 分层讲清。除 Philips warmer 109 SGD、Dr. Brown's 119 SGD、Philips sterilizer 249 SGD 外，还可见 portable 94.50-149 SGD 区间与 baby fair 49.90 SGD 活动价。,重点做夜奶效率、smart temperature control、99.9% 杀菌、portable office/travel 场景和 baby fair 活动价对比，不建议只做直播最低价口径。,温奶器/消毒器分层组合或单机+配件,刷具、小配件、奶瓶适配件,社区会直接吐槽“too slow”；如果没有速度、稳定性、portable 场景和 heavy bottle-feeding 价值证据，消费者会退回热水/手动替代方案。,新加坡用户会直接比较 smart temperature control、99.9% 杀菌、自动断电与渠道价格差，不会为泛概念买单。,,
新加坡,东南亚移动社媒区,中高,吸奶器,P1,产后建奶新手妈妈 / 返岗背奶效率妈妈 / 高频泵奶复购家庭,背奶效率与静音舒适平衡型,以本币价带做对比；关注优惠券/套装/赠品与售后透明度（促销敏感：高）。,中,中,高,国际品牌背书 + 真实长评 + 配件/售后可得,本地电商/连锁零售 + 评价区 + 社群口碑,按价带分层：入门/中价/升级；用电商评价做参数与售后对照。,节点用券/套装/赠品；先补长评与对比表再放量。,主机+储奶袋/清洗配件/便携冷藏,储奶袋、护罩适配件、清洁刷,照搬其他国家的渠道/语言素材，不做本地电商入口与平台语境校准。,新加坡泵类：到手价与套装敏感，Shopee/Lazada 券与 FairPrice 超市轨并存；可穿戴/hands-free 叙事与 Medela 本土站需对照零售商 PDP。,,
柬埔寨,东南亚移动社媒区,中低,吸奶器,P1,产后建奶新手妈妈 / 返岗背奶效率妈妈 / 高频泵奶复购家庭,到手价与跨境可得性敏感型,以本币价带做对比；关注优惠券/套装/赠品与售后透明度（促销敏感：高）。,中,中,高,国际品牌背书 + 真实长评 + 配件/售后可得,本地电商/连锁零售 + 评价区 + 社群口碑,按价带分层：入门/中价/升级；用电商评价做参数与售后对照。,节点用券/套装/赠品；先补长评与对比表再放量。,入门主机+耗材+跨境运费说明,储奶袋、清洗配件、适配说明,照搬其他国家的渠道/语言素材，不做本地电商入口与平台语境校准。,柬埔寨泵类：本土语料弱于新马；邻国 .co.th 仅作价带参照，结论须与 Khmer24/Marketplace 本土向证据分标签解读。,,
