阶段,国家,国家编码,产品品线,平台类型,平台,搜索词,URL,批次编码
P2-A,美国,US,家居出行,电商评论类,Amazon (amazon.com),stroller review problem,https://www.amazon.com/s?k=stroller+review+problem&rh=p_72%3A1-2,BATCH-P2A-US
P2-A,美国,US,家居出行,电商评论类,Amazon (amazon.com),baby carrier uncomfortable,https://www.amazon.com/s?k=baby+carrier+uncomfortable&rh=p_72%3A1-2,BATCH-P2A-US
P2-A,美国,US,家居出行,电商评论类,Amazon (amazon.com),car seat complaint,https://www.amazon.com/s?k=car+seat+complaint&rh=p_72%3A1-2,BATCH-P2A-US
P2-A,美国,US,内衣服饰,电商评论类,Amazon (amazon.com),nursing bra review,https://www.amazon.com/s?k=nursing+bra+review&rh=p_72%3A1-2,BATCH-P2A-US
P2-A,美国,US,内衣服饰,电商评论类,Amazon (amazon.com),maternity underwear uncomfortable,https://www.amazon.com/s?k=maternity+underwear+uncomfortable&rh=p_72%3A1-2,BATCH-P2A-US
P2-A,美国,US,内衣服饰,电商评论类,Amazon (amazon.com),postpartum shapewear complaint,https://www.amazon.com/s?k=postpartum+shapewear+complaint&rh=p_72%3A1-2,BATCH-P2A-US
P2-A,美国,US,智能母婴电器,电商评论类,Amazon (amazon.com),baby monitor review problem,https://www.amazon.com/s?k=baby+monitor+review+problem&rh=p_72%3A1-2,BATCH-P2A-US
P2-A,美国,US,智能母婴电器,电商评论类,Amazon (amazon.com),smart baby gadget complaint,https://www.amazon.com/s?k=smart+baby+gadget+complaint&rh=p_72%3A1-2,BATCH-P2A-US
P2-A,美国,US,智能母婴电器,电商评论类,Amazon (amazon.com),baby camera issue,https://www.amazon.com/s?k=baby+camera+issue&rh=p_72%3A1-2,BATCH-P2A-US
P2-A,加拿大,CA,家居出行,电商评论类,Amazon (amazon.ca),stroller review problem,https://www.amazon.ca/s?k=stroller+review+problem&rh=p_72%3A1-2,BATCH-P2A-CA
P2-A,加拿大,CA,家居出行,电商评论类,Amazon (amazon.ca),poussette avis négatif,https://www.amazon.ca/s?k=poussette+avis+n%C3%A9gatif&rh=p_72%3A1-2,BATCH-P2A-CA
P2-A,加拿大,CA,内衣服饰,电商评论类,Amazon (amazon.ca),nursing bra review,https://www.amazon.ca/s?k=nursing+bra+review&rh=p_72%3A1-2,BATCH-P2A-CA
P2-A,加拿大,CA,智能母婴电器,电商评论类,Amazon (amazon.ca),baby monitor review problem,https://www.amazon.ca/s?k=baby+monitor+review+problem&rh=p_72%3A1-2,BATCH-P2A-CA
P2-A,英国,GB,家居出行,电商评论类,Amazon (amazon.co.uk),pushchair review problem,https://www.amazon.co.uk/s?k=pushchair+review+problem&rh=p_72%3A1-2,BATCH-P2A-GB
P2-A,英国,GB,家居出行,电商评论类,Amazon (amazon.co.uk),pram complaint,https://www.amazon.co.uk/s?k=pram+complaint&rh=p_72%3A1-2,BATCH-P2A-GB
P2-A,英国,GB,家居出行,电商评论类,Amazon (amazon.co.uk),baby carrier issue,https://www.amazon.co.uk/s?k=baby+carrier+issue&rh=p_72%3A1-2,BATCH-P2A-GB
P2-A,英国,GB,内衣服饰,电商评论类,Amazon (amazon.co.uk),nursing bra review problem,https://www.amazon.co.uk/s?k=nursing+bra+review+problem&rh=p_72%3A1-2,BATCH-P2A-GB
P2-A,英国,GB,内衣服饰,电商评论类,Amazon (amazon.co.uk),maternity wear complaint,https://www.amazon.co.uk/s?k=maternity+wear+complaint&rh=p_72%3A1-2,BATCH-P2A-GB
P2-A,英国,GB,智能母婴电器,电商评论类,Amazon (amazon.co.uk),baby monitor review problem,https://www.amazon.co.uk/s?k=baby+monitor+review+problem&rh=p_72%3A1-2,BATCH-P2A-GB
P2-A,英国,GB,智能母婴电器,电商评论类,Amazon (amazon.co.uk),smart nursery issue,https://www.amazon.co.uk/s?k=smart+nursery+issue&rh=p_72%3A1-2,BATCH-P2A-GB
P2-A,德国,DE,家居出行,电商评论类,Amazon (amazon.de),kinderwagen test problem,https://www.amazon.de/s?k=kinderwagen+test+problem&rh=p_72%3A1-2,BATCH-P2A-DE
P2-A,德国,DE,家居出行,电商评论类,Amazon (amazon.de),babytrage erfahrung negativ,https://www.amazon.de/s?k=babytrage+erfahrung+negativ&rh=p_72%3A1-2,BATCH-P2A-DE
P2-A,德国,DE,内衣服饰,电商评论类,Amazon (amazon.de),still-bh test problem,https://www.amazon.de/s?k=still-bh+test+problem&rh=p_72%3A1-2,BATCH-P2A-DE
P2-A,德国,DE,内衣服饰,电商评论类,Amazon (amazon.de),umstandsmode erfahrung,https://www.amazon.de/s?k=umstandsmode+erfahrung&rh=p_72%3A1-2,BATCH-P2A-DE
P2-A,德国,DE,智能母婴电器,电商评论类,Amazon (amazon.de),babyphone test problem,https://www.amazon.de/s?k=babyphone+test+problem&rh=p_72%3A1-2,BATCH-P2A-DE
P2-A,德国,DE,智能母婴电器,电商评论类,Amazon (amazon.de),baby monitor erfahrung,https://www.amazon.de/s?k=baby+monitor+erfahrung&rh=p_72%3A1-2,BATCH-P2A-DE
P2-A,法国,FR,家居出行,电商评论类,Amazon (amazon.fr),poussette avis négatif,https://www.amazon.fr/s?k=poussette+avis+n%C3%A9gatif&rh=p_72%3A1-2,BATCH-P2A-FR
P2-A,法国,FR,家居出行,电商评论类,Amazon (amazon.fr),porte-bébé problème,https://www.amazon.fr/s?k=porte-b%C3%A9b%C3%A9+probl%C3%A8me&rh=p_72%3A1-2,BATCH-P2A-FR
P2-A,法国,FR,内衣服饰,电商评论类,Amazon (amazon.fr),soutien-gorge allaitement avis,https://www.amazon.fr/s?k=soutien-gorge+allaitement+avis&rh=p_72%3A1-2,BATCH-P2A-FR
P2-A,法国,FR,内衣服饰,电商评论类,Amazon (amazon.fr),sous-vêtements grossesse,https://www.amazon.fr/s?k=sous-v%C3%AAtements+grossesse&rh=p_72%3A1-2,BATCH-P2A-FR
P2-A,法国,FR,智能母婴电器,电商评论类,Amazon (amazon.fr),babyphone avis négatif,https://www.amazon.fr/s?k=babyphone+avis+n%C3%A9gatif&rh=p_72%3A1-2,BATCH-P2A-FR
P2-A,法国,FR,智能母婴电器,电商评论类,Amazon (amazon.fr),écoute-bébé problème,https://www.amazon.fr/s?k=%C3%A9coute-b%C3%A9b%C3%A9+probl%C3%A8me&rh=p_72%3A1-2,BATCH-P2A-FR
P2-A,西班牙,ES,家居出行,电商评论类,Amazon (amazon.es),cochecito reseña negativa,https://www.amazon.es/s?k=cochecito+rese%C3%B1a+negativa&rh=p_72%3A1-2,BATCH-P2A-ES
P2-A,西班牙,ES,家居出行,电商评论类,Amazon (amazon.es),portabebé problema,https://www.amazon.es/s?k=portabeb%C3%A9+problema&rh=p_72%3A1-2,BATCH-P2A-ES
P2-A,西班牙,ES,内衣服饰,电商评论类,Amazon (amazon.es),nursing bra review,https://www.amazon.es/s?k=nursing+bra+review&rh=p_72%3A1-2,BATCH-P2A-ES
P2-A,西班牙,ES,智能母婴电器,电商评论类,Amazon (amazon.es),baby monitor review problem,https://www.amazon.es/s?k=baby+monitor+review+problem&rh=p_72%3A1-2,BATCH-P2A-ES
P2-A,墨西哥,MX,家居出行,电商评论类,Amazon (amazon.com.mx),carriola reseña negativa,https://www.amazon.com.mx/s?k=carriola+rese%C3%B1a+negativa&rh=p_72%3A1-2,BATCH-P2A-MX
P2-A,墨西哥,MX,家居出行,电商评论类,Amazon (amazon.com.mx),portabebé opiniones,https://www.amazon.com.mx/s?k=portabeb%C3%A9+opiniones&rh=p_72%3A1-2,BATCH-P2A-MX
P2-A,墨西哥,MX,内衣服饰,电商评论类,Amazon (amazon.com.mx),nursing bra review,https://www.amazon.com.mx/s?k=nursing+bra+review&rh=p_72%3A1-2,BATCH-P2A-MX
P2-A,墨西哥,MX,智能母婴电器,电商评论类,Amazon (amazon.com.mx),baby monitor review problem,https://www.amazon.com.mx/s?k=baby+monitor+review+problem&rh=p_72%3A1-2,BATCH-P2A-MX
P2-A,阿联酋,AE,家居出行,电商评论类,Amazon (amazon.ae),stroller review problem,https://www.amazon.ae/s?k=stroller+review+problem&rh=p_72%3A1-2,BATCH-P2A-AE
P2-A,阿联酋,AE,家居出行,电商评论类,Amazon (amazon.ae),عربة أطفال مشكلة,https://www.amazon.ae/s?k=%D8%B9%D8%B1%D8%A8%D8%A9+%D8%A3%D8%B7%D9%81%D8%A7%D9%84+%D9%85%D8%B4%D9%83%D9%84%D8%A9&rh=p_72%3A1-2,BATCH-P2A-AE
P2-A,阿联酋,AE,内衣服饰,电商评论类,Amazon (amazon.ae),nursing bra review,https://www.amazon.ae/s?k=nursing+bra+review&rh=p_72%3A1-2,BATCH-P2A-AE
P2-A,阿联酋,AE,智能母婴电器,电商评论类,Amazon (amazon.ae),baby monitor review problem,https://www.amazon.ae/s?k=baby+monitor+review+problem&rh=p_72%3A1-2,BATCH-P2A-AE
P2-A,澳大利亚,AU,家居出行,电商评论类,Amazon (amazon.com.au),pram review problem,https://www.amazon.com.au/s?k=pram+review+problem&rh=p_72%3A1-2,BATCH-P2A-AU
P2-A,澳大利亚,AU,家居出行,电商评论类,Amazon (amazon.com.au),stroller complaint Australia,https://www.amazon.com.au/s?k=stroller+complaint+Australia&rh=p_72%3A1-2,BATCH-P2A-AU
P2-A,澳大利亚,AU,内衣服饰,电商评论类,Amazon (amazon.com.au),nursing bra review,https://www.amazon.com.au/s?k=nursing+bra+review&rh=p_72%3A1-2,BATCH-P2A-AU
P2-A,澳大利亚,AU,智能母婴电器,电商评论类,Amazon (amazon.com.au),baby monitor review problem,https://www.amazon.com.au/s?k=baby+monitor+review+problem&rh=p_72%3A1-2,BATCH-P2A-AU
P2-A,沙特阿拉伯,SA,家居出行,电商评论类,Amazon (amazon.sa),stroller review problem,https://www.amazon.sa/s?k=stroller+review+problem&rh=p_72%3A1-2,BATCH-P2A-SA
P2-A,沙特阿拉伯,SA,家居出行,电商评论类,Amazon (amazon.sa),عربة أطفال,https://www.amazon.sa/s?k=%D8%B9%D8%B1%D8%A8%D8%A9+%D8%A3%D8%B7%D9%81%D8%A7%D9%84&rh=p_72%3A1-2,BATCH-P2A-SA
P2-A,沙特阿拉伯,SA,内衣服饰,电商评论类,Amazon (amazon.sa),nursing bra review,https://www.amazon.sa/s?k=nursing+bra+review&rh=p_72%3A1-2,BATCH-P2A-SA
P2-A,沙特阿拉伯,SA,智能母婴电器,电商评论类,Amazon (amazon.sa),baby monitor review problem,https://www.amazon.sa/s?k=baby+monitor+review+problem&rh=p_72%3A1-2,BATCH-P2A-SA
P2-B,全球,GLOBAL,吸奶器,第三方评测,Trustpilot → Spectra,Spectra,https://www.trustpilot.com/review/spectra-baby.com,BATCH-P2B-Spectra
P2-B,全球,GLOBAL,吸奶器,第三方评测Google,Google → Wirecutter,Spectra on Wirecutter,https://www.google.com/search?q=site%3Anytimes.com%2Fwirecutter+%22Spectra%22+review,BATCH-P2B-Spectra
P2-B,全球,GLOBAL,吸奶器,第三方评测Google,Google → BabyGearLab,Spectra on BabyGearLab,https://www.google.com/search?q=site%3Ababygearlab.com+%22Spectra%22+review,BATCH-P2B-Spectra
P2-B,全球,GLOBAL,吸奶器,第三方评测Google,Google → Which?,Spectra on Which?,https://www.google.com/search?q=site%3Awhich.co.uk+%22Spectra%22+review,BATCH-P2B-Spectra
P2-B,全球,GLOBAL,吸奶器,第三方评测Google,Google → Stiftung Warentest,Spectra on Stiftung Warentest,https://www.google.com/search?q=site%3Atest.de+%22Spectra%22+test,BATCH-P2B-Spectra
P2-B,全球,GLOBAL,吸奶器,第三方评测Google,Google → Les Numériques,Spectra on Les Numériques,https://www.google.com/search?q=site%3Alesnumeriques.com+%22Spectra%22+test,BATCH-P2B-Spectra
P2-B,全球,GLOBAL,吸奶器,第三方评测Google,Google → OCU,Spectra on OCU,https://www.google.com/search?q=site%3Aocu.org+%22Spectra%22+an%C3%A1lisis,BATCH-P2B-Spectra
P2-B,全球,GLOBAL,吸奶器,第三方评测,Trustpilot → Medela,Medela,https://www.trustpilot.com/review/medela.com,BATCH-P2B-Medela
P2-B,全球,GLOBAL,吸奶器,第三方评测Google,Google → Wirecutter,Medela on Wirecutter,https://www.google.com/search?q=site%3Anytimes.com%2Fwirecutter+%22Medela%22+review,BATCH-P2B-Medela
P2-B,全球,GLOBAL,吸奶器,第三方评测Google,Google → BabyGearLab,Medela on BabyGearLab,https://www.google.com/search?q=site%3Ababygearlab.com+%22Medela%22+review,BATCH-P2B-Medela
P2-B,全球,GLOBAL,吸奶器,第三方评测Google,Google → Which?,Medela on Which?,https://www.google.com/search?q=site%3Awhich.co.uk+%22Medela%22+review,BATCH-P2B-Medela
P2-B,全球,GLOBAL,吸奶器,第三方评测Google,Google → Stiftung Warentest,Medela on Stiftung Warentest,https://www.google.com/search?q=site%3Atest.de+%22Medela%22+test,BATCH-P2B-Medela
P2-B,全球,GLOBAL,吸奶器,第三方评测Google,Google → Les Numériques,Medela on Les Numériques,https://www.google.com/search?q=site%3Alesnumeriques.com+%22Medela%22+test,BATCH-P2B-Medela
P2-B,全球,GLOBAL,吸奶器,第三方评测Google,Google → OCU,Medela on OCU,https://www.google.com/search?q=site%3Aocu.org+%22Medela%22+an%C3%A1lisis,BATCH-P2B-Medela
P2-B,全球,GLOBAL,吸奶器,第三方评测,Trustpilot → Elvie,Elvie,https://www.trustpilot.com/review/elvie.com,BATCH-P2B-Elvie
P2-B,全球,GLOBAL,吸奶器,第三方评测Google,Google → Wirecutter,Elvie on Wirecutter,https://www.google.com/search?q=site%3Anytimes.com%2Fwirecutter+%22Elvie%22+review,BATCH-P2B-Elvie
P2-B,全球,GLOBAL,吸奶器,第三方评测Google,Google → BabyGearLab,Elvie on BabyGearLab,https://www.google.com/search?q=site%3Ababygearlab.com+%22Elvie%22+review,BATCH-P2B-Elvie
P2-B,全球,GLOBAL,吸奶器,第三方评测Google,Google → Which?,Elvie on Which?,https://www.google.com/search?q=site%3Awhich.co.uk+%22Elvie%22+review,BATCH-P2B-Elvie
P2-B,全球,GLOBAL,吸奶器,第三方评测Google,Google → Stiftung Warentest,Elvie on Stiftung Warentest,https://www.google.com/search?q=site%3Atest.de+%22Elvie%22+test,BATCH-P2B-Elvie
P2-B,全球,GLOBAL,吸奶器,第三方评测Google,Google → Les Numériques,Elvie on Les Numériques,https://www.google.com/search?q=site%3Alesnumeriques.com+%22Elvie%22+test,BATCH-P2B-Elvie
P2-B,全球,GLOBAL,吸奶器,第三方评测Google,Google → OCU,Elvie on OCU,https://www.google.com/search?q=site%3Aocu.org+%22Elvie%22+an%C3%A1lisis,BATCH-P2B-Elvie
P2-B,全球,GLOBAL,吸奶器,第三方评测,Trustpilot → Willow,Willow,https://www.trustpilot.com/review/willowpump.com,BATCH-P2B-Willow
P2-B,全球,GLOBAL,吸奶器,第三方评测Google,Google → Wirecutter,Willow on Wirecutter,https://www.google.com/search?q=site%3Anytimes.com%2Fwirecutter+%22Willow%22+review,BATCH-P2B-Willow
P2-B,全球,GLOBAL,吸奶器,第三方评测Google,Google → BabyGearLab,Willow on BabyGearLab,https://www.google.com/search?q=site%3Ababygearlab.com+%22Willow%22+review,BATCH-P2B-Willow
P2-B,全球,GLOBAL,吸奶器,第三方评测Google,Google → Which?,Willow on Which?,https://www.google.com/search?q=site%3Awhich.co.uk+%22Willow%22+review,BATCH-P2B-Willow
P2-B,全球,GLOBAL,吸奶器,第三方评测Google,Google → Stiftung Warentest,Willow on Stiftung Warentest,https://www.google.com/search?q=site%3Atest.de+%22Willow%22+test,BATCH-P2B-Willow
P2-B,全球,GLOBAL,吸奶器,第三方评测Google,Google → Les Numériques,Willow on Les Numériques,https://www.google.com/search?q=site%3Alesnumeriques.com+%22Willow%22+test,BATCH-P2B-Willow
P2-B,全球,GLOBAL,吸奶器,第三方评测Google,Google → OCU,Willow on OCU,https://www.google.com/search?q=site%3Aocu.org+%22Willow%22+an%C3%A1lisis,BATCH-P2B-Willow
P2-B,全球,GLOBAL,吸奶器,第三方评测,Trustpilot → Momcozy,Momcozy,https://www.trustpilot.com/review/momcozy.com,BATCH-P2B-Momcozy
P2-B,全球,GLOBAL,吸奶器,第三方评测Google,Google → Wirecutter,Momcozy on Wirecutter,https://www.google.com/search?q=site%3Anytimes.com%2Fwirecutter+%22Momcozy%22+review,BATCH-P2B-Momcozy
P2-B,全球,GLOBAL,吸奶器,第三方评测Google,Google → BabyGearLab,Momcozy on BabyGearLab,https://www.google.com/search?q=site%3Ababygearlab.com+%22Momcozy%22+review,BATCH-P2B-Momcozy
P2-B,全球,GLOBAL,吸奶器,第三方评测Google,Google → Which?,Momcozy on Which?,https://www.google.com/search?q=site%3Awhich.co.uk+%22Momcozy%22+review,BATCH-P2B-Momcozy
P2-B,全球,GLOBAL,吸奶器,第三方评测Google,Google → Stiftung Warentest,Momcozy on Stiftung Warentest,https://www.google.com/search?q=site%3Atest.de+%22Momcozy%22+test,BATCH-P2B-Momcozy
P2-B,全球,GLOBAL,吸奶器,第三方评测Google,Google → Les Numériques,Momcozy on Les Numériques,https://www.google.com/search?q=site%3Alesnumeriques.com+%22Momcozy%22+test,BATCH-P2B-Momcozy
P2-B,全球,GLOBAL,吸奶器,第三方评测Google,Google → OCU,Momcozy on OCU,https://www.google.com/search?q=site%3Aocu.org+%22Momcozy%22+an%C3%A1lisis,BATCH-P2B-Momcozy
P2-B,全球,GLOBAL,吸奶器,第三方评测,Trustpilot → Lansinoh,Lansinoh,https://www.trustpilot.com/review/lansinoh.com,BATCH-P2B-Lansinoh
P2-B,全球,GLOBAL,吸奶器,第三方评测Google,Google → Wirecutter,Lansinoh on Wirecutter,https://www.google.com/search?q=site%3Anytimes.com%2Fwirecutter+%22Lansinoh%22+review,BATCH-P2B-Lansinoh
P2-B,全球,GLOBAL,吸奶器,第三方评测Google,Google → BabyGearLab,Lansinoh on BabyGearLab,https://www.google.com/search?q=site%3Ababygearlab.com+%22Lansinoh%22+review,BATCH-P2B-Lansinoh
P2-B,全球,GLOBAL,吸奶器,第三方评测Google,Google → Which?,Lansinoh on Which?,https://www.google.com/search?q=site%3Awhich.co.uk+%22Lansinoh%22+review,BATCH-P2B-Lansinoh
P2-B,全球,GLOBAL,吸奶器,第三方评测Google,Google → Stiftung Warentest,Lansinoh on Stiftung Warentest,https://www.google.com/search?q=site%3Atest.de+%22Lansinoh%22+test,BATCH-P2B-Lansinoh
P2-B,全球,GLOBAL,吸奶器,第三方评测Google,Google → Les Numériques,Lansinoh on Les Numériques,https://www.google.com/search?q=site%3Alesnumeriques.com+%22Lansinoh%22+test,BATCH-P2B-Lansinoh
P2-B,全球,GLOBAL,吸奶器,第三方评测Google,Google → OCU,Lansinoh on OCU,https://www.google.com/search?q=site%3Aocu.org+%22Lansinoh%22+an%C3%A1lisis,BATCH-P2B-Lansinoh
P2-B,全球,GLOBAL,吸奶器,第三方评测,Trustpilot → Motif Medical,Motif Medical,https://www.trustpilot.com/review/motifmedical.com,BATCH-P2B-MotifMedical
P2-B,全球,GLOBAL,吸奶器,第三方评测Google,Google → Wirecutter,Motif Medical on Wirecutter,https://www.google.com/search?q=site%3Anytimes.com%2Fwirecutter+%22Motif+Medical%22+review,BATCH-P2B-MotifMedical
P2-B,全球,GLOBAL,吸奶器,第三方评测Google,Google → BabyGearLab,Motif Medical on BabyGearLab,https://www.google.com/search?q=site%3Ababygearlab.com+%22Motif+Medical%22+review,BATCH-P2B-MotifMedical
P2-B,全球,GLOBAL,吸奶器,第三方评测Google,Google → Which?,Motif Medical on Which?,https://www.google.com/search?q=site%3Awhich.co.uk+%22Motif+Medical%22+review,BATCH-P2B-MotifMedical
P2-B,全球,GLOBAL,吸奶器,第三方评测Google,Google → Stiftung Warentest,Motif Medical on Stiftung Warentest,https://www.google.com/search?q=site%3Atest.de+%22Motif+Medical%22+test,BATCH-P2B-MotifMedical
P2-B,全球,GLOBAL,吸奶器,第三方评测Google,Google → Les Numériques,Motif Medical on Les Numériques,https://www.google.com/search?q=site%3Alesnumeriques.com+%22Motif+Medical%22+test,BATCH-P2B-MotifMedical
P2-B,全球,GLOBAL,吸奶器,第三方评测Google,Google → OCU,Motif Medical on OCU,https://www.google.com/search?q=site%3Aocu.org+%22Motif+Medical%22+an%C3%A1lisis,BATCH-P2B-MotifMedical
P2-B,全球,GLOBAL,吸奶器,第三方评测,Trustpilot → Haakaa,Haakaa,https://www.trustpilot.com/review/haakaa.com,BATCH-P2B-Haakaa
P2-B,全球,GLOBAL,吸奶器,第三方评测Google,Google → Wirecutter,Haakaa on Wirecutter,https://www.google.com/search?q=site%3Anytimes.com%2Fwirecutter+%22Haakaa%22+review,BATCH-P2B-Haakaa
P2-B,全球,GLOBAL,吸奶器,第三方评测Google,Google → BabyGearLab,Haakaa on BabyGearLab,https://www.google.com/search?q=site%3Ababygearlab.com+%22Haakaa%22+review,BATCH-P2B-Haakaa
P2-B,全球,GLOBAL,吸奶器,第三方评测Google,Google → Which?,Haakaa on Which?,https://www.google.com/search?q=site%3Awhich.co.uk+%22Haakaa%22+review,BATCH-P2B-Haakaa
P2-B,全球,GLOBAL,吸奶器,第三方评测Google,Google → Stiftung Warentest,Haakaa on Stiftung Warentest,https://www.google.com/search?q=site%3Atest.de+%22Haakaa%22+test,BATCH-P2B-Haakaa
P2-B,全球,GLOBAL,吸奶器,第三方评测Google,Google → Les Numériques,Haakaa on Les Numériques,https://www.google.com/search?q=site%3Alesnumeriques.com+%22Haakaa%22+test,BATCH-P2B-Haakaa
P2-B,全球,GLOBAL,吸奶器,第三方评测Google,Google → OCU,Haakaa on OCU,https://www.google.com/search?q=site%3Aocu.org+%22Haakaa%22+an%C3%A1lisis,BATCH-P2B-Haakaa
P2-B,全球,GLOBAL,喂养电器,第三方评测,Trustpilot → Philips Avent,Philips Avent,https://www.trustpilot.com/review/philips.com,BATCH-P2B-PhilipsAvent
P2-B,全球,GLOBAL,喂养电器,第三方评测Google,Google → Wirecutter,Philips Avent on Wirecutter,https://www.google.com/search?q=site%3Anytimes.com%2Fwirecutter+%22Philips+Avent%22+review,BATCH-P2B-PhilipsAvent
P2-B,全球,GLOBAL,喂养电器,第三方评测Google,Google → BabyGearLab,Philips Avent on BabyGearLab,https://www.google.com/search?q=site%3Ababygearlab.com+%22Philips+Avent%22+review,BATCH-P2B-PhilipsAvent
P2-B,全球,GLOBAL,喂养电器,第三方评测Google,Google → Which?,Philips Avent on Which?,https://www.google.com/search?q=site%3Awhich.co.uk+%22Philips+Avent%22+review,BATCH-P2B-PhilipsAvent
P2-B,全球,GLOBAL,喂养电器,第三方评测Google,Google → Stiftung Warentest,Philips Avent on Stiftung Warentest,https://www.google.com/search?q=site%3Atest.de+%22Philips+Avent%22+test,BATCH-P2B-PhilipsAvent
P2-B,全球,GLOBAL,喂养电器,第三方评测Google,Google → Les Numériques,Philips Avent on Les Numériques,https://www.google.com/search?q=site%3Alesnumeriques.com+%22Philips+Avent%22+test,BATCH-P2B-PhilipsAvent
P2-B,全球,GLOBAL,喂养电器,第三方评测Google,Google → OCU,Philips Avent on OCU,https://www.google.com/search?q=site%3Aocu.org+%22Philips+Avent%22+an%C3%A1lisis,BATCH-P2B-PhilipsAvent
P2-B,全球,GLOBAL,喂养电器,第三方评测,Trustpilot → Tommee Tippee,Tommee Tippee,https://www.trustpilot.com/review/tommeetippee.com,BATCH-P2B-TommeeTippee
P2-B,全球,GLOBAL,喂养电器,第三方评测Google,Google → Wirecutter,Tommee Tippee on Wirecutter,https://www.google.com/search?q=site%3Anytimes.com%2Fwirecutter+%22Tommee+Tippee%22+review,BATCH-P2B-TommeeTippee
P2-B,全球,GLOBAL,喂养电器,第三方评测Google,Google → BabyGearLab,Tommee Tippee on BabyGearLab,https://www.google.com/search?q=site%3Ababygearlab.com+%22Tommee+Tippee%22+review,BATCH-P2B-TommeeTippee
P2-B,全球,GLOBAL,喂养电器,第三方评测Google,Google → Which?,Tommee Tippee on Which?,https://www.google.com/search?q=site%3Awhich.co.uk+%22Tommee+Tippee%22+review,BATCH-P2B-TommeeTippee
P2-B,全球,GLOBAL,喂养电器,第三方评测Google,Google → Stiftung Warentest,Tommee Tippee on Stiftung Warentest,https://www.google.com/search?q=site%3Atest.de+%22Tommee+Tippee%22+test,BATCH-P2B-TommeeTippee
P2-B,全球,GLOBAL,喂养电器,第三方评测Google,Google → Les Numériques,Tommee Tippee on Les Numériques,https://www.google.com/search?q=site%3Alesnumeriques.com+%22Tommee+Tippee%22+test,BATCH-P2B-TommeeTippee
P2-B,全球,GLOBAL,喂养电器,第三方评测Google,Google → OCU,Tommee Tippee on OCU,https://www.google.com/search?q=site%3Aocu.org+%22Tommee+Tippee%22+an%C3%A1lisis,BATCH-P2B-TommeeTippee
P2-B,全球,GLOBAL,喂养电器,第三方评测,Trustpilot → Dr. Brown's,Dr. Brown's,https://www.trustpilot.com/review/drbrownsbaby.com,BATCH-P2B-Dr.Brown's
P2-B,全球,GLOBAL,喂养电器,第三方评测Google,Google → Wirecutter,Dr. Brown's on Wirecutter,https://www.google.com/search?q=site%3Anytimes.com%2Fwirecutter+%22Dr.+Brown%27s%22+review,BATCH-P2B-Dr.Brown's
P2-B,全球,GLOBAL,喂养电器,第三方评测Google,Google → BabyGearLab,Dr. Brown's on BabyGearLab,https://www.google.com/search?q=site%3Ababygearlab.com+%22Dr.+Brown%27s%22+review,BATCH-P2B-Dr.Brown's
P2-B,全球,GLOBAL,喂养电器,第三方评测Google,Google → Which?,Dr. Brown's on Which?,https://www.google.com/search?q=site%3Awhich.co.uk+%22Dr.+Brown%27s%22+review,BATCH-P2B-Dr.Brown's
P2-B,全球,GLOBAL,喂养电器,第三方评测Google,Google → Stiftung Warentest,Dr. Brown's on Stiftung Warentest,https://www.google.com/search?q=site%3Atest.de+%22Dr.+Brown%27s%22+test,BATCH-P2B-Dr.Brown's
P2-B,全球,GLOBAL,喂养电器,第三方评测Google,Google → Les Numériques,Dr. Brown's on Les Numériques,https://www.google.com/search?q=site%3Alesnumeriques.com+%22Dr.+Brown%27s%22+test,BATCH-P2B-Dr.Brown's
P2-B,全球,GLOBAL,喂养电器,第三方评测Google,Google → OCU,Dr. Brown's on OCU,https://www.google.com/search?q=site%3Aocu.org+%22Dr.+Brown%27s%22+an%C3%A1lisis,BATCH-P2B-Dr.Brown's
P2-B,全球,GLOBAL,喂养电器,第三方评测,Trustpilot → Baby Brezza,Baby Brezza,https://www.trustpilot.com/review/babybrezza.com,BATCH-P2B-BabyBrezza
P2-B,全球,GLOBAL,喂养电器,第三方评测Google,Google → Wirecutter,Baby Brezza on Wirecutter,https://www.google.com/search?q=site%3Anytimes.com%2Fwirecutter+%22Baby+Brezza%22+review,BATCH-P2B-BabyBrezza
P2-B,全球,GLOBAL,喂养电器,第三方评测Google,Google → BabyGearLab,Baby Brezza on BabyGearLab,https://www.google.com/search?q=site%3Ababygearlab.com+%22Baby+Brezza%22+review,BATCH-P2B-BabyBrezza
P2-B,全球,GLOBAL,喂养电器,第三方评测Google,Google → Which?,Baby Brezza on Which?,https://www.google.com/search?q=site%3Awhich.co.uk+%22Baby+Brezza%22+review,BATCH-P2B-BabyBrezza
P2-B,全球,GLOBAL,喂养电器,第三方评测Google,Google → Stiftung Warentest,Baby Brezza on Stiftung Warentest,https://www.google.com/search?q=site%3Atest.de+%22Baby+Brezza%22+test,BATCH-P2B-BabyBrezza
P2-B,全球,GLOBAL,喂养电器,第三方评测Google,Google → Les Numériques,Baby Brezza on Les Numériques,https://www.google.com/search?q=site%3Alesnumeriques.com+%22Baby+Brezza%22+test,BATCH-P2B-BabyBrezza
P2-B,全球,GLOBAL,喂养电器,第三方评测Google,Google → OCU,Baby Brezza on OCU,https://www.google.com/search?q=site%3Aocu.org+%22Baby+Brezza%22+an%C3%A1lisis,BATCH-P2B-BabyBrezza
P2-B,全球,GLOBAL,喂养电器,第三方评测,Trustpilot → Chicco,Chicco,https://www.trustpilot.com/review/chiccousa.com,BATCH-P2B-Chicco
P2-B,全球,GLOBAL,喂养电器,第三方评测Google,Google → Wirecutter,Chicco on Wirecutter,https://www.google.com/search?q=site%3Anytimes.com%2Fwirecutter+%22Chicco%22+review,BATCH-P2B-Chicco
P2-B,全球,GLOBAL,喂养电器,第三方评测Google,Google → BabyGearLab,Chicco on BabyGearLab,https://www.google.com/search?q=site%3Ababygearlab.com+%22Chicco%22+review,BATCH-P2B-Chicco
P2-B,全球,GLOBAL,喂养电器,第三方评测Google,Google → Which?,Chicco on Which?,https://www.google.com/search?q=site%3Awhich.co.uk+%22Chicco%22+review,BATCH-P2B-Chicco
P2-B,全球,GLOBAL,喂养电器,第三方评测Google,Google → Stiftung Warentest,Chicco on Stiftung Warentest,https://www.google.com/search?q=site%3Atest.de+%22Chicco%22+test,BATCH-P2B-Chicco
P2-B,全球,GLOBAL,喂养电器,第三方评测Google,Google → Les Numériques,Chicco on Les Numériques,https://www.google.com/search?q=site%3Alesnumeriques.com+%22Chicco%22+test,BATCH-P2B-Chicco
P2-B,全球,GLOBAL,喂养电器,第三方评测Google,Google → OCU,Chicco on OCU,https://www.google.com/search?q=site%3Aocu.org+%22Chicco%22+an%C3%A1lisis,BATCH-P2B-Chicco
P2-B,全球,GLOBAL,喂养电器,第三方评测,Trustpilot → NUK,NUK,https://www.trustpilot.com/review/nuk.com,BATCH-P2B-NUK
P2-B,全球,GLOBAL,喂养电器,第三方评测Google,Google → Wirecutter,NUK on Wirecutter,https://www.google.com/search?q=site%3Anytimes.com%2Fwirecutter+%22NUK%22+review,BATCH-P2B-NUK
P2-B,全球,GLOBAL,喂养电器,第三方评测Google,Google → BabyGearLab,NUK on BabyGearLab,https://www.google.com/search?q=site%3Ababygearlab.com+%22NUK%22+review,BATCH-P2B-NUK
P2-B,全球,GLOBAL,喂养电器,第三方评测Google,Google → Which?,NUK on Which?,https://www.google.com/search?q=site%3Awhich.co.uk+%22NUK%22+review,BATCH-P2B-NUK
P2-B,全球,GLOBAL,喂养电器,第三方评测Google,Google → Stiftung Warentest,NUK on Stiftung Warentest,https://www.google.com/search?q=site%3Atest.de+%22NUK%22+test,BATCH-P2B-NUK
P2-B,全球,GLOBAL,喂养电器,第三方评测Google,Google → Les Numériques,NUK on Les Numériques,https://www.google.com/search?q=site%3Alesnumeriques.com+%22NUK%22+test,BATCH-P2B-NUK
P2-B,全球,GLOBAL,喂养电器,第三方评测Google,Google → OCU,NUK on OCU,https://www.google.com/search?q=site%3Aocu.org+%22NUK%22+an%C3%A1lisis,BATCH-P2B-NUK
P2-B,全球,GLOBAL,家居出行,第三方评测,Trustpilot → Bugaboo,Bugaboo,https://www.trustpilot.com/review/bugaboo.com,BATCH-P2B-Bugaboo
P2-B,全球,GLOBAL,家居出行,第三方评测Google,Google → Wirecutter,Bugaboo on Wirecutter,https://www.google.com/search?q=site%3Anytimes.com%2Fwirecutter+%22Bugaboo%22+review,BATCH-P2B-Bugaboo
P2-B,全球,GLOBAL,家居出行,第三方评测Google,Google → BabyGearLab,Bugaboo on BabyGearLab,https://www.google.com/search?q=site%3Ababygearlab.com+%22Bugaboo%22+review,BATCH-P2B-Bugaboo
P2-B,全球,GLOBAL,家居出行,第三方评测Google,Google → Which?,Bugaboo on Which?,https://www.google.com/search?q=site%3Awhich.co.uk+%22Bugaboo%22+review,BATCH-P2B-Bugaboo
P2-B,全球,GLOBAL,家居出行,第三方评测Google,Google → Stiftung Warentest,Bugaboo on Stiftung Warentest,https://www.google.com/search?q=site%3Atest.de+%22Bugaboo%22+test,BATCH-P2B-Bugaboo
P2-B,全球,GLOBAL,家居出行,第三方评测Google,Google → Les Numériques,Bugaboo on Les Numériques,https://www.google.com/search?q=site%3Alesnumeriques.com+%22Bugaboo%22+test,BATCH-P2B-Bugaboo
P2-B,全球,GLOBAL,家居出行,第三方评测Google,Google → OCU,Bugaboo on OCU,https://www.google.com/search?q=site%3Aocu.org+%22Bugaboo%22+an%C3%A1lisis,BATCH-P2B-Bugaboo
P2-B,全球,GLOBAL,家居出行,第三方评测,Trustpilot → UPPAbaby,UPPAbaby,https://www.trustpilot.com/review/uppababy.com,BATCH-P2B-UPPAbaby
P2-B,全球,GLOBAL,家居出行,第三方评测Google,Google → Wirecutter,UPPAbaby on Wirecutter,https://www.google.com/search?q=site%3Anytimes.com%2Fwirecutter+%22UPPAbaby%22+review,BATCH-P2B-UPPAbaby
P2-B,全球,GLOBAL,家居出行,第三方评测Google,Google → BabyGearLab,UPPAbaby on BabyGearLab,https://www.google.com/search?q=site%3Ababygearlab.com+%22UPPAbaby%22+review,BATCH-P2B-UPPAbaby
P2-B,全球,GLOBAL,家居出行,第三方评测Google,Google → Which?,UPPAbaby on Which?,https://www.google.com/search?q=site%3Awhich.co.uk+%22UPPAbaby%22+review,BATCH-P2B-UPPAbaby
P2-B,全球,GLOBAL,家居出行,第三方评测Google,Google → Stiftung Warentest,UPPAbaby on Stiftung Warentest,https://www.google.com/search?q=site%3Atest.de+%22UPPAbaby%22+test,BATCH-P2B-UPPAbaby
P2-B,全球,GLOBAL,家居出行,第三方评测Google,Google → Les Numériques,UPPAbaby on Les Numériques,https://www.google.com/search?q=site%3Alesnumeriques.com+%22UPPAbaby%22+test,BATCH-P2B-UPPAbaby
P2-B,全球,GLOBAL,家居出行,第三方评测Google,Google → OCU,UPPAbaby on OCU,https://www.google.com/search?q=site%3Aocu.org+%22UPPAbaby%22+an%C3%A1lisis,BATCH-P2B-UPPAbaby
P2-B,全球,GLOBAL,家居出行,第三方评测,Trustpilot → Cybex,Cybex,https://www.trustpilot.com/review/cybex-online.com,BATCH-P2B-Cybex
P2-B,全球,GLOBAL,家居出行,第三方评测Google,Google → Wirecutter,Cybex on Wirecutter,https://www.google.com/search?q=site%3Anytimes.com%2Fwirecutter+%22Cybex%22+review,BATCH-P2B-Cybex
P2-B,全球,GLOBAL,家居出行,第三方评测Google,Google → BabyGearLab,Cybex on BabyGearLab,https://www.google.com/search?q=site%3Ababygearlab.com+%22Cybex%22+review,BATCH-P2B-Cybex
P2-B,全球,GLOBAL,家居出行,第三方评测Google,Google → Which?,Cybex on Which?,https://www.google.com/search?q=site%3Awhich.co.uk+%22Cybex%22+review,BATCH-P2B-Cybex
P2-B,全球,GLOBAL,家居出行,第三方评测Google,Google → Stiftung Warentest,Cybex on Stiftung Warentest,https://www.google.com/search?q=site%3Atest.de+%22Cybex%22+test,BATCH-P2B-Cybex
P2-B,全球,GLOBAL,家居出行,第三方评测Google,Google → Les Numériques,Cybex on Les Numériques,https://www.google.com/search?q=site%3Alesnumeriques.com+%22Cybex%22+test,BATCH-P2B-Cybex
P2-B,全球,GLOBAL,家居出行,第三方评测Google,Google → OCU,Cybex on OCU,https://www.google.com/search?q=site%3Aocu.org+%22Cybex%22+an%C3%A1lisis,BATCH-P2B-Cybex
P2-B,全球,GLOBAL,家居出行,第三方评测,Trustpilot → Babyzen,Babyzen,https://www.trustpilot.com/review/babyzen.com,BATCH-P2B-Babyzen
P2-B,全球,GLOBAL,家居出行,第三方评测Google,Google → Wirecutter,Babyzen on Wirecutter,https://www.google.com/search?q=site%3Anytimes.com%2Fwirecutter+%22Babyzen%22+review,BATCH-P2B-Babyzen
P2-B,全球,GLOBAL,家居出行,第三方评测Google,Google → BabyGearLab,Babyzen on BabyGearLab,https://www.google.com/search?q=site%3Ababygearlab.com+%22Babyzen%22+review,BATCH-P2B-Babyzen
P2-B,全球,GLOBAL,家居出行,第三方评测Google,Google → Which?,Babyzen on Which?,https://www.google.com/search?q=site%3Awhich.co.uk+%22Babyzen%22+review,BATCH-P2B-Babyzen
P2-B,全球,GLOBAL,家居出行,第三方评测Google,Google → Stiftung Warentest,Babyzen on Stiftung Warentest,https://www.google.com/search?q=site%3Atest.de+%22Babyzen%22+test,BATCH-P2B-Babyzen
P2-B,全球,GLOBAL,家居出行,第三方评测Google,Google → Les Numériques,Babyzen on Les Numériques,https://www.google.com/search?q=site%3Alesnumeriques.com+%22Babyzen%22+test,BATCH-P2B-Babyzen
P2-B,全球,GLOBAL,家居出行,第三方评测Google,Google → OCU,Babyzen on OCU,https://www.google.com/search?q=site%3Aocu.org+%22Babyzen%22+an%C3%A1lisis,BATCH-P2B-Babyzen
P2-B,全球,GLOBAL,家居出行,第三方评测,Trustpilot → Graco,Graco,https://www.trustpilot.com/review/gracobaby.com,BATCH-P2B-Graco
P2-B,全球,GLOBAL,家居出行,第三方评测Google,Google → Wirecutter,Graco on Wirecutter,https://www.google.com/search?q=site%3Anytimes.com%2Fwirecutter+%22Graco%22+review,BATCH-P2B-Graco
P2-B,全球,GLOBAL,家居出行,第三方评测Google,Google → BabyGearLab,Graco on BabyGearLab,https://www.google.com/search?q=site%3Ababygearlab.com+%22Graco%22+review,BATCH-P2B-Graco
P2-B,全球,GLOBAL,家居出行,第三方评测Google,Google → Which?,Graco on Which?,https://www.google.com/search?q=site%3Awhich.co.uk+%22Graco%22+review,BATCH-P2B-Graco
P2-B,全球,GLOBAL,家居出行,第三方评测Google,Google → Stiftung Warentest,Graco on Stiftung Warentest,https://www.google.com/search?q=site%3Atest.de+%22Graco%22+test,BATCH-P2B-Graco
P2-B,全球,GLOBAL,家居出行,第三方评测Google,Google → Les Numériques,Graco on Les Numériques,https://www.google.com/search?q=site%3Alesnumeriques.com+%22Graco%22+test,BATCH-P2B-Graco
P2-B,全球,GLOBAL,家居出行,第三方评测Google,Google → OCU,Graco on OCU,https://www.google.com/search?q=site%3Aocu.org+%22Graco%22+an%C3%A1lisis,BATCH-P2B-Graco
P2-C,全球,GLOBAL,吸奶器,竞品官方社媒,Instagram @spectra,#spectra reviews complaints,https://www.instagram.com/explore/tags/spectrareview/,BATCH-P2C-Spectra
P2-C,全球,GLOBAL,吸奶器,竞品官方社媒,Facebook Spectra Reviews,Spectra review complaint,https://www.facebook.com/search/posts/?q=Spectra+review+problem,BATCH-P2C-Spectra
P2-C,全球,GLOBAL,吸奶器,竞品官方社媒,Instagram @medela,#medela reviews complaints,https://www.instagram.com/explore/tags/medelareview/,BATCH-P2C-Medela
P2-C,全球,GLOBAL,吸奶器,竞品官方社媒,Facebook Medela Reviews,Medela review complaint,https://www.facebook.com/search/posts/?q=Medela+review+problem,BATCH-P2C-Medela
P2-C,全球,GLOBAL,吸奶器,竞品官方社媒,Instagram @elvie,#elvie reviews complaints,https://www.instagram.com/explore/tags/elviereview/,BATCH-P2C-Elvie
P2-C,全球,GLOBAL,吸奶器,竞品官方社媒,Facebook Elvie Reviews,Elvie review complaint,https://www.facebook.com/search/posts/?q=Elvie+review+problem,BATCH-P2C-Elvie
P2-C,全球,GLOBAL,吸奶器,竞品官方社媒,Instagram @willow,#willow reviews complaints,https://www.instagram.com/explore/tags/willowreview/,BATCH-P2C-Willow
P2-C,全球,GLOBAL,吸奶器,竞品官方社媒,Facebook Willow Reviews,Willow review complaint,https://www.facebook.com/search/posts/?q=Willow+review+problem,BATCH-P2C-Willow
P2-C,全球,GLOBAL,吸奶器,竞品官方社媒,Instagram @momcozy,#momcozy reviews complaints,https://www.instagram.com/explore/tags/momcozyreview/,BATCH-P2C-Momcozy
P2-C,全球,GLOBAL,吸奶器,竞品官方社媒,Facebook Momcozy Reviews,Momcozy review complaint,https://www.facebook.com/search/posts/?q=Momcozy+review+problem,BATCH-P2C-Momcozy
P2-C,全球,GLOBAL,吸奶器,竞品官方社媒,Instagram @lansinoh,#lansinoh reviews complaints,https://www.instagram.com/explore/tags/lansinohreview/,BATCH-P2C-Lansinoh
P2-C,全球,GLOBAL,吸奶器,竞品官方社媒,Facebook Lansinoh Reviews,Lansinoh review complaint,https://www.facebook.com/search/posts/?q=Lansinoh+review+problem,BATCH-P2C-Lansinoh
P2-C,全球,GLOBAL,吸奶器,竞品官方社媒,Instagram @motifmedical,#motifmedical reviews complaints,https://www.instagram.com/explore/tags/motifmedicalreview/,BATCH-P2C-MotifMedical
P2-C,全球,GLOBAL,吸奶器,竞品官方社媒,Facebook Motif Medical Reviews,Motif Medical review complaint,https://www.facebook.com/search/posts/?q=Motif+Medical+review+problem,BATCH-P2C-MotifMedical
P2-C,全球,GLOBAL,吸奶器,竞品官方社媒,Instagram @haakaa,#haakaa reviews complaints,https://www.instagram.com/explore/tags/haakaareview/,BATCH-P2C-Haakaa
P2-C,全球,GLOBAL,吸奶器,竞品官方社媒,Facebook Haakaa Reviews,Haakaa review complaint,https://www.facebook.com/search/posts/?q=Haakaa+review+problem,BATCH-P2C-Haakaa
P2-C,全球,GLOBAL,喂养电器,竞品官方社媒,Instagram @philipsavent,#philipsavent reviews complaints,https://www.instagram.com/explore/tags/philipsaventreview/,BATCH-P2C-PhilipsAvent
P2-C,全球,GLOBAL,喂养电器,竞品官方社媒,Facebook Philips Avent Reviews,Philips Avent review complaint,https://www.facebook.com/search/posts/?q=Philips+Avent+review+problem,BATCH-P2C-PhilipsAvent
P2-C,全球,GLOBAL,喂养电器,竞品官方社媒,Instagram @tommeetippee,#tommeetippee reviews complaints,https://www.instagram.com/explore/tags/tommeetippeereview/,BATCH-P2C-TommeeTippee
P2-C,全球,GLOBAL,喂养电器,竞品官方社媒,Facebook Tommee Tippee Reviews,Tommee Tippee review complaint,https://www.facebook.com/search/posts/?q=Tommee+Tippee+review+problem,BATCH-P2C-TommeeTippee
P2-C,全球,GLOBAL,喂养电器,竞品官方社媒,Instagram @drbrowns,#drbrowns reviews complaints,https://www.instagram.com/explore/tags/drbrownsreview/,BATCH-P2C-Dr.Brown's
P2-C,全球,GLOBAL,喂养电器,竞品官方社媒,Facebook Dr. Brown's Reviews,Dr. Brown's review complaint,https://www.facebook.com/search/posts/?q=Dr.+Brown%27s+review+problem,BATCH-P2C-Dr.Brown's
P2-C,全球,GLOBAL,喂养电器,竞品官方社媒,Instagram @babybrezza,#babybrezza reviews complaints,https://www.instagram.com/explore/tags/babybrezzareview/,BATCH-P2C-BabyBrezza
P2-C,全球,GLOBAL,喂养电器,竞品官方社媒,Facebook Baby Brezza Reviews,Baby Brezza review complaint,https://www.facebook.com/search/posts/?q=Baby+Brezza+review+problem,BATCH-P2C-BabyBrezza
P2-C,全球,GLOBAL,喂养电器,竞品官方社媒,Instagram @chicco,#chicco reviews complaints,https://www.instagram.com/explore/tags/chiccoreview/,BATCH-P2C-Chicco
P2-C,全球,GLOBAL,喂养电器,竞品官方社媒,Facebook Chicco Reviews,Chicco review complaint,https://www.facebook.com/search/posts/?q=Chicco+review+problem,BATCH-P2C-Chicco
P2-C,全球,GLOBAL,喂养电器,竞品官方社媒,Instagram @nuk,#nuk reviews complaints,https://www.instagram.com/explore/tags/nukreview/,BATCH-P2C-NUK
P2-C,全球,GLOBAL,喂养电器,竞品官方社媒,Facebook NUK Reviews,NUK review complaint,https://www.facebook.com/search/posts/?q=NUK+review+problem,BATCH-P2C-NUK
P2-C,全球,GLOBAL,家居出行,竞品官方社媒,Instagram @bugaboo,#bugaboo reviews complaints,https://www.instagram.com/explore/tags/bugabooreview/,BATCH-P2C-Bugaboo
P2-C,全球,GLOBAL,家居出行,竞品官方社媒,Facebook Bugaboo Reviews,Bugaboo review complaint,https://www.facebook.com/search/posts/?q=Bugaboo+review+problem,BATCH-P2C-Bugaboo
P2-C,全球,GLOBAL,家居出行,竞品官方社媒,Instagram @uppababy,#uppababy reviews complaints,https://www.instagram.com/explore/tags/uppababyreview/,BATCH-P2C-UPPAbaby
P2-C,全球,GLOBAL,家居出行,竞品官方社媒,Facebook UPPAbaby Reviews,UPPAbaby review complaint,https://www.facebook.com/search/posts/?q=UPPAbaby+review+problem,BATCH-P2C-UPPAbaby
P2-C,全球,GLOBAL,家居出行,竞品官方社媒,Instagram @cybex,#cybex reviews complaints,https://www.instagram.com/explore/tags/cybexreview/,BATCH-P2C-Cybex
P2-C,全球,GLOBAL,家居出行,竞品官方社媒,Facebook Cybex Reviews,Cybex review complaint,https://www.facebook.com/search/posts/?q=Cybex+review+problem,BATCH-P2C-Cybex
P2-C,全球,GLOBAL,家居出行,竞品官方社媒,Instagram @babyzen,#babyzen reviews complaints,https://www.instagram.com/explore/tags/babyzenreview/,BATCH-P2C-Babyzen
P2-C,全球,GLOBAL,家居出行,竞品官方社媒,Facebook Babyzen Reviews,Babyzen review complaint,https://www.facebook.com/search/posts/?q=Babyzen+review+problem,BATCH-P2C-Babyzen
P2-C,全球,GLOBAL,家居出行,竞品官方社媒,Instagram @graco,#graco reviews complaints,https://www.instagram.com/explore/tags/gracoreview/,BATCH-P2C-Graco
P2-C,全球,GLOBAL,家居出行,竞品官方社媒,Facebook Graco Reviews,Graco review complaint,https://www.facebook.com/search/posts/?q=Graco+review+problem,BATCH-P2C-Graco
